0,2,0,0,0.125,18.99,2,2,2,2
0,2,0,0,0.125,18.99,2,2,2,2
0,2,0,0,0.125,18.99,2,2,2,2
0,2,0,0,0.125,18.99,2,2,2,2
0,2,0,0,0.125,18.99,2,2,2,2
0,2,0,0,0.125,18.99,2,2,2,2
0,2,0,0,0.125,18.99,2,2,2,2
0,2,0,0,0.125,18.99,6,6,6,6
0,2.0128,0,0,0.125,18.99,6,6,6,6
0,2.0384,0,0,0.125,18.99,2,2,2,2
0,2.064,0,0,0.125,18.99,2,2,2,2
0,2.0896,0,0,0.125,18.99,2,2,2,2
0,2.1408,0,0,0.125,18.99,2,2,2,2
0,2.1536,0,0,0.125,18.99,2,2,2,2
0,2.1792,0,0,0.125,18.99,2,2,2,2
0,2.2048,0,0,0.125,18.99,2,2,2,2
0,2.256,0,0,0.125,18.99,2,2,2,2
0,2.2816,0,0,0.125,18.99,2,2,2,2
0,2.2944,0,0,0.125,18.99,2,2,2,2
0,2.3328,0,0,0.125,18.99,2,2,2,2
0,2.3456,0,0,0.125,18.99,2,2,2,2
0,2.3712,0,0,0.125,18.99,2,2,2,2
0,2.3968,0,0,0.125,18.99,2,2,2,2
0,2.447999,0,0,0.125,18.99,2,2,2,2
0,2.460799,0,0,0.125,18.99,2,2,2,2
0,2.486399,0,0,0.125,18.99,2,2,2,2
0,2.511999,0,0,0.125,18.99,2,2,2,2
0,2.563199,0,0,0.125,18.99,2,2,2,2
0,2.575999,0,0,0.125,18.99,2,2,2,2
0,2.601599,0,0,0.125,18.99,2,2,2,2
0,2.627199,0,0,0.125,18.99,2,2,2,2
0,2.665599,0,0,0.125,18.99,2,2,2,2
0,2.691199,0,0,0.125,18.99,2,2,2,2
0,2.703999,0,0,0.125,18.99,2,2,2,2
0,2.729599,0,0,0.125,18.99,2,2,2,2
0,2.780799,0,0,0.125,18.99,2,2,2,2
0,2.793599,0,0,0.125,18.99,2,2,2,2
0,2.819199,0,0,0.125,18.99,2,2,2,2
0,2.844799,0,0,0.125,18.99,2,2,2,2
0,2.895999,0,0,0.125,18.99,2,2,2,2
0,2.908799,0,0,0.125,18.99,2,2,2,2
0,2.934399,0,0,0.125,18.99,2,2,2,2
0,2.959999,0,0,0.125,18.99,2,2,2,2
0,3.011199,0,0,0.125,18.99,2,2,2,2
0,3.023998,0,0,0.125,18.99,2,2,2,2
0,3.049598,0,0,0.125,18.99,2,2,2,2
0,3.075198,0,0,0.125,18.99,2,2,2,2
0,3.126398,0,0,0.125,18.99,2,2,2,2
0,3.139198,0,0,0.125,18.99,2,2,2,2
0,3.164798,0,0,0.125,18.99,2,2,2,2
0,3.177598,0,0,0.125,18.99,2,2,2,2
0,3.228798,0,0,0.125,18.99,2,2,2,2
0,3.241598,0,0,0.125,18.99,2,2,2,2
0,3.267198,0,0,0.125,18.99,2,2,2,2
0,3.292798,0,0,0.125,18.99,2,2,2,2
0,3.343998,0,0,0.125,18.99,2,2,2,2
0,3.356798,0,0,0.125,18.99,2,2,2,2
0,3.382398,0,0,0.125,18.99,2,2,2,2
0,3.407998,0,0,0.125,18.99,2,2,2,2
0,3.459198,0,0,0.125,18.99,2,2,2,2
0,3.471998,0,0,0.125,18.99,2,2,2,2
0,3.497598,0,0,0.125,18.99,2,2,2,2
0,3.523198,0,0,0.125,18.99,2,2,2,2
0,3.574398,0,0,0.125,18.99,0,0,0,0
0,3.593597,0,0,0.125,18.99,0,0,0,0
0,3.599998,0,0,0.125,18.99,0,0,0,0
0,3.603198,0,0,0.125,18.99,0,0,0,0
0,3.603198,0,0,0.125,18.99,2,2,2,2
0,3.603198,0,0,0.125,18.99,2,2,2,2
0,3.603198,0,0,0.125,18.99,2,2,2,2
0,3.603198,0,0,0.125,18.99,2,2,2,2
0,3.603198,0,0,0.125,18.99,2,2,2,2
0,3.603198,0,0,0.125,18.99,2,2,2,2
0,3.603198,0,0,0.125,18.99,2,2,2,2
0,3.603198,0,0,0.125,18.99,2,2,2,2
0,3.603198,0,0,0.125,18.99,2,2,2,2
0,3.603198,0,0,0.125,18.99,2,2,2,2
0,3.603198,0,0,0.125,18.99,2,2,2,2
0,3.603198,0,0,0.125,18.99,2,2,2,2
0,3.603198,0,0,0.125,18.99,2,2,2,2
0,3.603198,0,0,0.125,18.99,2,2,2,2
0,3.603198,0,0,0.125,18.99,2,2,2,2
0,3.603198,0,0,0.125,18.99,2,2,2,2
0,3.603198,0,0,0.125,18.99,2,2,2,2
0,3.603198,0,0,0.125,18.99,2,2,2,2
0,3.603198,0,0,0.125,18.99,1.8,1.8,2.2,2.2
0,3.603198,0,0,0.125,18.99,1.8,1.8,2.2,2.2
0,3.603198,4.726114E-05,0,0.125,18.99,2,2,2,2
0,3.603196,0.0002362954,0,0.125,18.99,2,2,2,2
0,3.603189,0.0006615837,0,0.125,18.99,2,2,2,2
0,3.603175,0.001417556,0,0.125,18.99,2,2,2,2
0,3.603132,0.003189075,0,0.125,18.99,2.1,2.1,1.9,1.9
0,3.603078,0.004936485,0,0.125,18.99,2.1,2.1,1.9,1.9
0,3.602992,0.00732087,0,0.125,18.99,2.1,2.1,1.9,1.9
0,3.602931,0.008855054,0,0.125,18.99,2.1,2.1,1.9,1.9
0,3.60261,0.01638325,0,0.125,18.99,2.1,2.1,1.9,1.9
0,3.602511,0.01861317,0,0.125,18.99,2.1,2.1,1.9,1.9
0,3.602277,0.02375698,0,0.125,18.99,2.1,2.1,1.9,1.9
0,3.60201,0.02953777,0,0.125,18.99,1.8,1.8,2.2,2.2
0,3.601135,0.04857934,0,0.125,18.99,2,2,2,2
0,3.600979,0.05200081,0,0.125,18.99,2,2,2,2
0,3.600814,0.05566426,0,0.125,18.99,2,2,2,2
0,3.600641,0.05956381,0,0.125,18.99,2,2,2,2
0,3.600096,0.07195307,0,0.125,18.99,2,2,2,2
0,3.599718,0.08063761,0,0.125,18.99,2,2,2,2
0,3.599328,0.08972361,0,0.125,18.99,2,2,2,2
0,3.598927,0.09918749,0,0.125,18.99,2,2,2,2
0,3.598311,0.1139147,0,0.125,18.99,2,2,2,2
0,3.598101,0.1189833,0,0.125,18.99,2,2,2,2
0,3.597675,0.1294274,0,0.125,18.99,2,2,2,2
0,3.597026,0.1455188,0,0.125,18.99,2,2,2,2
0,3.59637,0.1619823,0,0.125,18.99,2,2,2,2
0,3.595929,0.1731706,0,0.125,18.99,2,2,2,2
0,3.595707,0.1788593,0,0.125,18.99,1.8,1.8,2.2,2.2
0,3.595038,0.1961911,0,0.125,18.99,1.8,1.8,2.2,2.2
0,3.594363,0.2138418,0,0.125,18.99,2,2,2,2
0,3.593677,0.2319709,0,0.125,18.99,2,2,2,2
0,3.593677,0.2319709,0,0.125,18.99,2,2,2,2
0,3.593191,0.2449071,0,0.125,18.99,2,2,2,2
0,3.592181,0.2717709,0,0.125,18.99,2.1,2.1,1.9,1.9
0,3.591912,0.2788054,0,0.125,18.99,2.1,2.1,1.9,1.9
0,3.591341,0.2935348,0,0.125,18.99,2.1,2.1,1.9,1.9
0,3.591037,0.3012414,0,0.125,18.99,2.1,2.1,1.9,1.9
0,3.589748,0.3334362,0,0.125,18.99,2.1,2.1,1.9,1.9
0,3.58941,0.3418033,0,0.125,18.99,2.1,2.1,1.9,1.9
0,3.588704,0.3591512,0,0.125,18.99,2,2,2,2
0,3.587975,0.3770418,0,0.125,18.99,2,2,2,2
0,3.586483,0.4137674,0,0.125,18.99,2,2,2,2
0,3.586105,0.4231142,0,0.125,18.99,2,2,2,2
0,3.585344,0.442103,0,0.125,18.99,2,2,2,2
0,3.584579,0.4613163,0,0.125,18.99,1.8,1.8,2.2,2.2
0,3.582277,0.5194169,0,0.125,18.99,2,2,2,2
0,3.581893,0.5291417,0,0.125,18.99,2,2,2,2
0,3.581509,0.5389019,0,0.125,18.99,2,2,2,2
0,3.580356,0.5682712,0,0.125,18.99,2,2,2,2
0,3.579972,0.5780728,0,0.125,18.99,2,2,2,2
0,3.579203,0.5976879,0,0.125,18.99,2,2,2,2
0,3.578434,0.6172912,0,0.125,18.99,2,2,2,2
0,3.577281,0.6466427,0,0.125,18.99,2,2,2,2
0,3.576512,0.6661397,0,0.125,18.99,2,2,2,2
0,3.575742,0.685542,0,0.125,18.99,2,2,2,2
0,3.574971,0.7048263,0,0.125,18.99,2,2,2,2
0,3.573813,0.7335401,0,0.125,18.99,2,2,2,2
0,3.573425,0.7430227,0,0.125,18.99,2,2,2,2
0,3.572648,0.761799,0,0.125,18.99,2,2,2,2
0,3.571867,0.7803626,0,0.125,18.99,2,2,2,2
0,3.570295,0.8170173,0,0.125,18.99,2,2,2,2
0,3.569899,0.8260393,0,0.125,18.99,2,2,2,2
0,3.5691,0.8437879,0,0.125,18.99,1.8,1.8,2.2,2.2
0,3.568293,0.8612177,0,0.125,18.99,1.8,1.8,2.2,2.2
0,3.566666,0.8954868,0,0.125,18.99,2,2,2,2
0,3.565851,0.9124677,0,0.125,18.99,2,2,2,2
0,3.565443,0.9209169,0,0.125,18.99,2,2,2,2
0,3.564627,0.9377678,0,0.125,18.99,2,2,2,2
0,3.563403,0.9630798,0,0.125,18.99,2,2,2,2
0,3.562586,0.9800844,0,0.125,18.99,2,2,2,2
0,3.562176,0.9886872,0,0.125,18.99,2,2,2,2
0,3.561351,1.006129,0,0.125,18.99,2,2,2,2
0,3.559687,1.041627,0,0.125,18.99,2,2,2,2
0,3.559263,1.050725,0,0.125,18.99,2,2,2,2
0,3.558396,1.069407,0,0.125,18.99,2,2,2,2
0,3.557506,1.088643,0,0.125,18.99,2.1,2.1,1.9,1.9
0,3.555664,1.128365,0,0.125,18.99,2.1,2.1,1.9,1.9
0,3.555183,1.138656,0,0.125,18.99,2.1,2.1,1.9,1.9
0,3.554179,1.159967,0,0.125,18.99,2.1,2.1,1.9,1.9
0,3.553134,1.18201,0,0.125,18.99,1.8,1.8,2.2,2.2
0,3.549881,1.250259,0,0.125,18.99,2.1,2.1,1.9,1.9
0,3.549315,1.262023,0,0.125,18.99,2.1,2.1,1.9,1.9
0,3.548726,1.274176,0,0.125,18.99,2.1,2.1,1.9,1.9
0,3.5475,1.299248,0,0.125,18.99,2.1,2.1,1.9,1.9
0,3.546234,1.325039,0,0.125,18.99,2.1,2.1,1.9,1.9
0,3.544935,1.351479,0,0.125,18.99,2,2,2,2
0,3.543612,1.378474,0,0.125,18.99,2,2,2,2
0,3.541603,1.419656,0,0.125,18.99,2,2,2,2
0,3.540255,1.44743,0,0.125,18.99,2,2,2,2
0,3.538904,1.475428,0,0.125,18.99,2,2,2,2
0,3.537551,1.503556,0,0.125,18.99,2,2,2,2
0,3.535522,1.545802,0,0.125,18.99,2,2,2,2
0,3.534168,1.573859,0,0.125,18.99,2,2,2,2
0,3.53349,1.587788,0,0.125,18.99,2,2,2,2
0,3.532128,1.615396,0,0.125,18.99,2,2,2,2
0,3.529386,1.669928,0,0.125,18.99,2,2,2,2
0,3.52869,1.683296,0,0.125,18.99,1.9,1.9,2.1,2.1
0,3.527271,1.709453,0,0.125,18.99,1.9,1.9,2.1,2.1
0,3.525819,1.734961,0,0.125,18.99,1.9,1.9,2.1,2.1
0,3.522838,1.784586,0,0.125,18.99,1.9,1.9,2.1,2.1
0,3.522072,1.796621,0,0.125,18.99,1.9,1.9,2.1,2.1
0,3.520495,1.819948,0,0.125,18.99,1.9,1.9,2.1,2.1
0,3.518878,1.842556,0,0.125,18.99,1.9,1.9,2.1,2.1
0,3.515573,1.886427,0,0.125,18.99,2,2,2,2
0,3.514735,1.897129,0,0.125,18.99,2,2,2,2
0,3.513889,1.907584,0,0.125,18.99,2,2,2,2
0,3.512178,1.928032,0,0.125,18.99,2,2,2,2
0,3.508734,1.96815,0,0.125,18.99,2,2,2,2
0,3.50787,1.978055,0,0.125,18.99,2,2,2,2
0,3.50614,1.997654,0,0.125,18.99,2,2,2,2
0,3.504407,2.01711,0,0.125,18.99,2,2,2,2
0,3.500076,2.065575,0,0.125,18.99,2,2,2,2
0,3.49921,2.075321,0,0.125,18.99,2,2,2,2
0,3.498342,2.085138,0,0.125,18.99,2,2,2,2
0,3.496604,2.104949,0,0.125,18.99,2,2,2,2
0,3.49312,2.145067,0,0.125,18.99,2,2,2,2
0,3.492243,2.155291,0,0.125,18.99,2,2,2,2
0,3.490474,2.176165,0,0.125,18.99,2,2,2,2
0,3.488687,2.197535,0,0.125,18.99,2.1,2.1,1.9,1.9
0,3.485968,2.230438,0,0.125,18.99,2.1,2.1,1.9,1.9
0,3.484124,2.253011,0,0.125,18.99,2.1,2.1,1.9,1.9
0,3.482245,2.276245,0,0.125,18.99,2.1,2.1,1.9,1.9
0,3.481289,2.288192,0,0.125,18.99,2.1,2.1,1.9,1.9
0,3.477398,2.337277,0,0.125,18.99,2,2,2,2
0,3.476413,2.349826,0,0.125,18.99,2,2,2,2
0,3.474421,2.375455,0,0.125,18.99,2,2,2,2
0,3.472411,2.401567,0,0.125,18.99,2,2,2,2
0,3.46836,2.454666,0,0.125,18.99,2,2,2,2
0,3.467343,2.468112,0,0.125,18.99,2,2,2,2
0,3.465301,2.495322,0,0.125,18.99,1.8,1.8,2.2,2.2
0,3.463253,2.522805,0,0.125,18.99,1.8,1.8,2.2,2.2
0,3.459146,2.578314,0,0.125,18.99,1.8,1.8,2.2,2.2
0,3.458113,2.592374,0,0.125,18.99,2,2,2,2
0,3.456036,2.620907,0,0.125,18.99,2,2,2,2
0,3.453938,2.649948,0,0.125,18.99,2.1,2.1,1.9,1.9
0,3.449686,2.709233,0,0.125,18.99,2.1,2.1,1.9,1.9
0,3.448601,2.724426,0,0.125,18.99,2.1,2.1,1.9,1.9
0,3.446386,2.755578,0,0.125,18.99,2.1,2.1,1.9,1.9
0,3.444121,2.787519,0,0.125,18.99,2.1,2.1,1.9,1.9
0,3.439495,2.852981,0,0.125,18.99,2.1,2.1,1.9,1.9
0,3.438317,2.869718,0,0.125,18.99,2.1,2.1,1.9,1.9
0,3.43592,2.903911,0,0.125,18.99,2.1,2.1,1.9,1.9
0,3.43349,2.938752,0,0.125,18.99,2,2,2,2
0,3.429809,2.991847,0,0.125,18.99,2,2,2,2
0,3.428575,3.009751,0,0.125,18.99,2,2,2,2
0,3.426097,3.045927,0,0.125,18.99,2,2,2,2
0,3.423614,3.082375,0,0.125,18.99,2,2,2,2
0,3.418641,3.155623,0,0.125,18.99,2,2,2,2
0,3.417398,3.17393,0,0.125,18.99,2,2,2,2
0,3.413669,3.228761,0,0.125,18.99,2,2,2,2
0,3.412424,3.246937,0,0.125,18.99,2,2,2,2
0,3.407435,3.319148,0,0.125,18.99,2,2,2,2
0,3.406181,3.336982,0,0.125,18.99,2,2,2,2
0,3.403653,3.372166,0,0.125,18.99,1.9,1.9,2.1,2.1
0,3.401099,3.406772,0,0.125,18.99,1.9,1.9,2.1,2.1
0,3.395925,3.474687,0,0.125,18.99,1.9,1.9,2.1,2.1
0,3.39461,3.491294,0,0.125,18.99,1.9,1.9,2.1,2.1
0,3.391936,3.523754,0,0.125,18.99,1.9,1.9,2.1,2.1
0,3.389216,3.55546,0,0.125,18.99,1.9,1.9,2.1,2.1
0,3.383695,3.61741,0,0.125,18.99,1.9,1.9,2.1,2.1
0,3.382298,3.632579,0,0.125,18.99,1.9,1.9,2.1,2.1
0,3.379477,3.662315,0,0.125,18.99,2,2,2,2
0,3.376636,3.691544,0,0.125,18.99,2,2,2,2
0,3.370926,3.749176,0,0.125,18.99,2,2,2,2
0,3.369497,3.763471,0,0.125,18.99,2,2,2,2
0,3.366636,3.791885,0,0.125,18.99,2,2,2,2
0,3.363774,3.820217,0,0.125,18.99,2,2,2,2
0,3.358051,3.876903,0,0.125,18.99,6,6,6,6
0,3.36798,3.905849,0,0.125,18.99,6,6,6,6
0,3.379334,3.920765,0,0.125,18.99,6,6,6,6
0,3.432556,3.967054,0,0.125,18.99,2,2,2,2
0,3.48575,4.014069,0,0.125,18.99,2.1,2.1,1.9,1.9
0,3.503466,4.030053,0,0.125,18.99,2.1,2.1,1.9,1.9
0,3.538864,4.062682,0,0.125,18.99,2.1,2.1,1.9,1.9
0,3.591902,4.112687,0,0.125,18.99,2.1,2.1,1.9,1.9
0,3.627217,4.146767,0,0.125,18.99,2.1,2.1,1.9,1.9
0,3.644853,4.164178,0,0.125,18.99,2.1,2.1,1.9,1.9
0,3.680083,4.199731,0,0.125,18.99,2.1,2.1,1.9,1.9
0,3.75047,4.272204,0,0.125,18.99,2,2,2,2
0,3.768055,4.290595,0,0.125,18.99,2,2,2,2
0,3.803206,4.327882,0,0.125,18.99,2,2,2,2
0,3.838341,4.365607,0,0.125,18.99,2,2,2,2
0,3.908591,4.441788,0,0.125,18.99,2,2,2,2
0,3.926151,4.460946,0,0.125,18.99,2,2,2,2
0,3.961269,4.499449,0,0.125,18.99,2,2,2,2
0,3.996387,4.538071,0,0.125,18.99,2,2,2,2
0,4.049062,4.596076,0,0.125,18.99,2,2,2,2
0,4.084179,4.634686,0,0.125,18.99,2,2,2,2
0,4.119295,4.673167,0,0.125,18.99,2,2,2,2
0,4.136851,4.692307,0,0.125,18.99,2,2,2,2
0,4.207066,4.768393,0,0.125,18.99,2,2,2,2
0,4.242163,4.806058,0,0.125,18.99,2,2,2,2
0,4.259704,4.824667,0,0.125,18.99,2,2,2,2
0,4.294766,4.861399,0,0.125,18.99,2,2,2,2
0,4.364844,4.933756,0,0.125,18.99,1.9,1.9,2.1,2.1
0,4.399845,4.969239,0,0.125,18.99,1.9,1.9,2.1,2.1
0,4.417324,4.986609,0,0.125,18.99,1.9,1.9,2.1,2.1
0,4.452237,5.020595,0,0.125,18.99,1.9,1.9,2.1,2.1
0,4.521973,5.087059,0,0.125,18.99,0,0,0,0
0,4.578909,5.153522,0,0.125,18.99,1.9,1.9,2.1,2.1
0,4.62156,5.202378,0,0.125,18.99,1.9,1.9,2.1,2.1
0,4.635764,5.218369,0,0.125,18.99,2,2,2,2
0,4.649955,5.234082,0,0.125,18.99,2,2,2,2
0,4.664135,5.249535,0,0.125,18.99,2,2,2,2
0,4.70665,5.29517,0,0.125,18.99,2,2,2,2
0,4.749148,5.340238,0,0.125,18.99,2,2,2,2
0,4.777474,5.370012,0,0.125,18.99,2,2,2,2
0,4.791636,5.384798,0,0.125,18.99,2,2,2,2
0,4.819957,5.414206,0,0.125,18.99,2,2,2,2
0,4.876597,5.472832,0,0.125,18.99,2,2,2,2
0,4.890758,5.487512,0,0.125,18.99,2,2,2,2
0,4.919077,5.516954,0,0.125,18.99,2,2,2,2
0,4.947394,5.546551,0,0.125,18.99,0,0,0,0
0,5.002188,5.620542,0,0.125,18.99,0,0,0,0
0,5.009947,5.63534,0,0.125,18.99,2,2,2,2
0,5.02545,5.665373,0,0.125,18.99,2,2,2,2
0,5.033191,5.680644,0,0.125,18.99,2,2,2,2
0,5.064111,5.742812,0,0.125,18.99,2.1,2.1,1.9,1.9
0,5.071823,5.758696,0,0.125,18.99,2.1,2.1,1.9,1.9
0,5.087206,5.791171,0,0.125,18.99,2.1,2.1,1.9,1.9
0,5.102548,5.824377,0,0.125,18.99,2.1,2.1,1.9,1.9
0,5.125498,5.875283,0,0.125,18.99,2.1,2.1,1.9,1.9
0,5.140759,5.909916,0,0.125,18.99,2.1,2.1,1.9,1.9
0,5.148374,5.927557,0,0.125,18.99,2.1,2.1,1.9,1.9
0,5.163574,5.963452,0,0.125,18.99,2,2,2,2
0,5.193931,6.036281,0,0.125,18.99,2,2,2,2
0,5.209101,6.073026,0,0.125,18.99,2,2,2,2
0,5.216684,6.091516,0,0.125,18.99,2,2,2,2
0,5.231846,6.128687,0,0.125,18.99,2,2,2,2
0,5.262171,6.203217,0,0.125,18.99,2,2,2,2
0,5.269752,6.221802,0,0.125,18.99,2,2,2,2
0,5.284912,6.258831,0,0.125,18.99,2,2,2,2
0,5.300067,6.295624,0,0.125,18.99,2,2,2,2
0,5.330362,6.368547,0,0.125,18.99,2,2,2,2
0,5.337925,6.386519,0,0.125,18.99,1.9,1.9,2.1,2.1
0,5.353025,6.421896,0,0.125,18.99,1.9,1.9,2.1,2.1
0,5.368094,6.456635,0,0.125,18.99,1.9,1.9,2.1,2.1
0,5.390642,6.507719,0,0.125,18.99,1.9,1.9,2.1,2.1
0,5.398138,6.524386,0,0.125,18.99,1.9,1.9,2.1,2.1
0,5.413089,6.557003,0,0.125,18.99,1.9,1.9,2.1,2.1
0,5.428002,6.588924,0,0.125,18.99,1.9,1.9,2.1,2.1
0,5.457763,6.65147,0,0.125,18.99,2,2,2,2
0,5.465193,6.666852,0,0.125,18.99,2,2,2,2
0,5.480036,6.697145,0,0.125,18.99,2,2,2,2
0,5.494865,6.727036,0,0.125,18.99,2,2,2,2
0,5.524509,6.786158,0,0.125,18.99,2,2,2,2
0,5.531919,6.800844,0,0.125,18.99,2,2,2,2
0,5.546736,6.830061,0,0.125,18.99,2,2,2,2
0,5.561553,6.859197,0,0.125,18.99,2,2,2,2
0,5.583777,6.902882,0,0.125,18.99,2,2,2,2
0,5.591185,6.917491,0,0.125,18.99,2,2,2,2
0,5.605999,6.946839,0,0.125,18.99,2,2,2,2
0,5.620811,6.976388,0,0.125,18.99,2,2,2,2
0,5.650422,7.036029,0,0.125,18.99,2,2,2,2
0,5.657818,7.051146,0,0.125,18.99,2,2,2,2
0,5.672595,7.081828,0,0.125,18.99,2,2,2,2
0,5.68735,7.113029,0,0.125,18.99,1.8,1.8,2.2,2.2
0,5.724169,7.192509,0,0.125,18.99,1.8,1.8,2.2,2.2
0,5.731502,7.208846,0,0.125,18.99,2.1,2.1,1.9,1.9
0,5.738799,7.225666,0,0.125,18.99,2.1,2.1,1.9,1.9
0,5.753308,7.260342,0,0.125,18.99,2.1,2.1,1.9,1.9
0,5.774916,7.314082,0,0.125,18.99,2.1,2.1,1.9,1.9
0,5.782053,7.332641,0,0.125,18.99,2.1,2.1,1.9,1.9
0,5.803254,7.390305,0,0.125,18.99,2.1,2.1,1.9,1.9
0,5.810245,7.410223,0,0.125,18.99,2.1,2.1,1.9,1.9
0,5.837893,7.492712,0,0.125,18.99,2.1,2.1,1.9,1.9
0,5.844728,7.514038,0,0.125,18.99,2.1,2.1,1.9,1.9
0,5.858242,7.558083,0,0.125,18.99,2.1,2.1,1.9,1.9
0,5.871613,7.603477,0,0.125,18.99,2.1,2.1,1.9,1.9
0,5.898094,7.696823,0,0.125,18.99,2.1,2.1,1.9,1.9
0,5.904668,7.720706,0,0.125,18.99,2.1,2.1,1.9,1.9
0,5.91773,7.769507,0,0.125,18.99,2.1,2.1,1.9,1.9
0,5.93073,7.819203,0,0.125,18.99,1.8,1.8,2.2,2.2
0,5.969605,7.970486,0,0.125,18.99,2,2,2,2
0,5.976079,7.995888,0,0.125,18.99,2,2,2,2
0,5.982549,8.02145,0,0.125,18.99,2,2,2,2
0,6.001949,8.098526,0,0.125,18.99,2,2,2,2
0,6.014882,8.149992,0,0.125,18.99,2,2,2,2
0,6.021348,8.175708,0,0.125,18.99,2,2,2,2
0,6.034281,8.227044,0,0.125,18.99,2,2,2,2
0,6.060139,8.329293,0,0.125,18.99,2,2,2,2
0,6.066596,8.35463,0,0.125,18.99,2,2,2,2
0,6.079488,8.404798,0,0.125,18.99,1.9,1.9,2.1,2.1
0,6.09235,8.454341,0,0.125,18.99,1.9,1.9,2.1,2.1
0,6.111584,8.527575,0,0.125,18.99,1.9,1.9,2.1,2.1
0,6.124352,8.575573,0,0.125,18.99,1.9,1.9,2.1,2.1
0,6.130707,8.599136,0,0.125,18.99,1.9,1.9,2.1,2.1
0,6.149678,8.668502,0,0.125,18.99,1.9,1.9,2.1,2.1
0,6.168558,8.736543,0,0.125,18.99,1.9,1.9,2.1,2.1
0,6.174823,8.758799,0,0.125,18.99,1.9,1.9,2.1,2.1
0,6.187299,8.802486,0,0.125,18.99,1.9,1.9,2.1,2.1
0,6.199731,8.845419,0,0.125,18.99,1.9,1.9,2.1,2.1
0,6.224526,8.929964,0,0.125,18.99,2,2,2,2
0,6.230718,8.950888,0,0.125,18.99,2,2,2,2
0,6.243091,8.992369,0,0.125,18.99,2,2,2,2
0,6.255459,9.033602,0,0.125,18.99,2,2,2,2
0,6.280194,9.115808,0,0.125,18.99,1.8,1.8,2.2,2.2
0,6.29256,9.157017,0,0.125,18.99,2,2,2,2
0,6.29874,9.177757,0,0.125,18.99,2,2,2,2
0,6.317266,9.240511,0,0.125,18.99,2.1,2.1,1.9,1.9
0,6.323427,9.261729,0,0.125,18.99,2.1,2.1,1.9,1.9
0,6.335714,9.304837,0,0.125,18.99,2.1,2.1,1.9,1.9
0,6.347951,9.348735,0,0.125,18.99,2.1,2.1,1.9,1.9
0,6.366216,9.415909,0,0.125,18.99,2.1,2.1,1.9,1.9
0,6.378316,9.461679,0,0.125,18.99,2.1,2.1,1.9,1.9
0,6.384324,9.485082,0,0.125,18.99,2.1,2.1,1.9,1.9
0,6.396254,9.532933,0,0.125,18.99,2.1,2.1,1.9,1.9
0,6.419939,9.630731,0,0.125,18.99,2.1,2.1,1.9,1.9
0,6.425821,9.65568,0,0.125,18.99,2.1,2.1,1.9,1.9
0,6.43751,9.706556,0,0.125,18.99,2.1,2.1,1.9,1.9
0,6.449136,9.758339,0,0.125,18.99,2.1,2.1,1.9,1.9
0,6.472281,9.863529,0,0.125,18.99,2.1,2.1,1.9,1.9
0,6.478055,9.890116,0,0.125,18.99,2,2,2,2
0,6.489582,9.943796,0,0.125,18.99,2,2,2,2
0,6.501099,9.997843,0,0.125,18.99,2,2,2,2
0,6.518368,10.07925,0,0.125,18.99,2,2,2,2
0,6.524124,10.10639,0,0.125,18.99,2,2,2,2
0,6.535636,10.16062,0,0.125,18.99,2,2,2,2
0,6.547145,10.21464,0,0.125,18.99,2,2,2,2
0,6.570144,10.322,0,0.125,18.99,1.9,1.9,2.1,2.1
0,6.575878,10.34853,0,0.125,18.99,1.9,1.9,2.1,2.1
0,6.587311,10.4009,0,0.125,18.99,1.9,1.9,2.1,2.1
0,6.598696,10.45249,0,0.125,18.99,1.9,1.9,2.1,2.1
0,6.615689,10.52861,0,0.125,18.99,1.9,1.9,2.1,2.1
0,6.62132,10.55352,0,0.125,18.99,1.9,1.9,2.1,2.1
0,6.632514,10.60242,0,0.125,18.99,1.9,1.9,2.1,2.1
0,6.643641,10.65039,0,0.125,18.99,1.9,1.9,2.1,2.1
0,6.665764,10.74451,0,0.125,18.99,1.9,1.9,2.1,2.1
0,6.671269,10.76763,0,0.125,18.99,1.9,1.9,2.1,2.1
0,6.682231,10.8131,0,0.125,18.99,1.9,1.9,2.1,2.1
0,6.693158,10.85789,0,0.125,18.99,1.9,1.9,2.1,2.1
0,6.709508,10.92421,0,0.125,18.99,2,2,2,2
0,6.758518,11.1216,0,0.125,18.99,1.8,1.8,2.2,2.2
0,6.774844,11.18782,0,0.125,18.99,2.1,2.1,1.9,1.9
0,6.785704,11.23253,0,0.125,18.99,2.1,2.1,1.9,1.9
0,6.785704,11.23253,0,0.125,18.99,2.1,2.1,1.9,1.9
0,6.796479,11.27871,0,0.125,18.99,2.1,2.1,1.9,1.9
0,6.807199,11.32573,0,0.125,18.99,2.1,2.1,1.9,1.9
0,6.823173,11.39768,0,0.125,18.99,2.1,2.1,1.9,1.9
0,6.833737,11.44669,0,0.125,18.99,2.1,2.1,1.9,1.9
0,6.838972,11.47174,0,0.125,18.99,2.1,2.1,1.9,1.9
0,6.849345,11.52295,0,0.125,18.99,2.1,2.1,1.9,1.9
0,6.869898,11.62758,0,0.125,18.99,2.1,2.1,1.9,1.9
0,6.874993,11.65427,0,0.125,18.99,2.1,2.1,1.9,1.9
0,6.885098,11.70868,0,0.125,18.99,2.1,2.1,1.9,1.9
0,6.89513,11.76405,0,0.125,18.99,2.1,2.1,1.9,1.9
0,6.915073,11.87655,0,0.125,18.99,0,0,0,0
0,6.918645,11.93279,0,0.125,18.99,0,0,0,0
0,6.917232,11.96091,0,0.125,18.99,0,0,0,0
0,6.912618,11.98904,0,0.125,18.99,0,0,0,0
0,6.881362,12.10153,0,0.125,18.99,2,2,2,2
0,6.857917,12.18614,0,0.125,18.99,2,2,2,2
0,6.850102,12.21434,0,0.125,18.99,2,2,2,2
0,6.842287,12.24251,0,0.125,18.99,2,2,2,2
0,6.811024,12.3549,0,0.125,18.99,2,2,2,2
0,6.685886,12.80156,0,0.125,18.99,0,0,0,0
0,6.652823,12.88531,0,0.125,18.99,1.9,1.9,2.1,2.1
0,6.641716,12.91248,0,0.125,18.99,1.9,1.9,2.1,2.1
0,6.630517,12.9389,0,0.125,18.99,1.9,1.9,2.1,2.1
0,6.619221,12.96454,0,0.125,18.99,1.9,1.9,2.1,2.1
0,6.596433,13.01424,0,0.125,18.99,1.9,1.9,2.1,2.1
0,6.550451,13.11044,0,0.125,18.99,1.9,1.9,2.1,2.1
0,6.538853,13.13369,0,0.125,18.99,1.9,1.9,2.1,2.1
0,6.515458,13.17859,0,0.125,18.99,1.9,1.9,2.1,2.1
0,6.491872,13.22195,0,0.125,18.99,1.9,1.9,2.1,2.1
0,6.444356,13.30573,0,0.125,18.99,1.9,1.9,2.1,2.1
0,6.432412,13.32603,0,0.125,18.99,1.9,1.9,2.1,2.1
0,6.408403,13.36539,0,0.125,18.99,1.9,1.9,2.1,2.1
0,6.3843,13.40366,0,0.125,18.99,1.9,1.9,2.1,2.1
0,6.348044,13.45966,0,0.125,18.99,1.9,1.9,2.1,2.1
0,6.335942,13.47801,0,0.125,18.99,2,2,2,2
0,6.311715,13.51416,0,0.125,18.99,2,2,2,2
0,6.287479,13.54997,0,0.125,18.99,2,2,2,2
0,6.226887,13.63922,0,0.125,18.99,2,2,2,2
0,6.214762,13.65727,0,0.125,18.99,2,2,2,2
0,6.202627,13.67559,0,0.125,18.99,2.1,2.1,1.9,1.9
0,6.178325,13.71285,0,0.125,18.99,2.1,2.1,1.9,1.9
0,6.141794,13.76995,0,0.125,18.99,2.1,2.1,1.9,1.9
0,6.129573,13.78951,0,0.125,18.99,2.1,2.1,1.9,1.9
0,6.105031,13.82977,0,0.125,18.99,2.1,2.1,1.9,1.9
0,6.080368,13.87127,0,0.125,18.99,2.1,2.1,1.9,1.9
0,6.030757,13.95694,0,0.125,18.99,2.1,2.1,1.9,1.9
0,6.018269,13.97909,0,0.125,18.99,2.1,2.1,1.9,1.9
0,5.993114,14.0249,0,0.125,18.99,2.1,2.1,1.9,1.9
0,5.967774,14.07223,0,0.125,18.99,2.1,2.1,1.9,1.9
0,5.91673,14.16994,0,0.125,18.99,2.1,2.1,1.9,1.9
0,5.903883,14.1951,0,0.125,18.99,2.1,2.1,1.9,1.9
0,5.890952,14.22099,0,0.125,18.99,2.1,2.1,1.9,1.9
0,5.864932,14.27418,0,0.125,18.99,2.1,2.1,1.9,1.9
0,5.812613,14.38323,0,0.125,18.99,2.1,2.1,1.9,1.9
0,5.799486,14.41104,0,0.125,18.99,2.1,2.1,1.9,1.9
0,5.77315,14.46767,0,0.125,18.99,2.1,2.1,1.9,1.9
0,5.746757,14.52517,0,0.125,18.99,2.1,2.1,1.9,1.9
0,5.693898,14.64151,0,0.125,18.99,2,2,2,2
0,5.680681,14.67072,0,0.125,18.99,2,2,2,2
0,5.654245,14.72928,0,0.125,18.99,2,2,2,2
0,5.62781,14.78777,0,0.125,18.99,2,2,2,2
0,5.588146,14.87508,0,0.125,18.99,1.9,1.9,2.1,2.1
0,5.574911,14.90388,0,0.125,18.99,1.9,1.9,2.1,2.1
0,5.548402,14.96079,0,0.125,18.99,1.9,1.9,2.1,2.1
0,5.521836,15.01684,0,0.125,18.99,1.9,1.9,2.1,2.1
0,5.468546,15.12693,0,0.125,18.99,1.9,1.9,2.1,2.1
0,5.455164,15.15384,0,0.125,18.99,1.9,1.9,2.1,2.1
0,5.428269,15.20637,0,0.125,18.99,1.9,1.9,2.1,2.1
0,5.401232,15.25756,0,0.125,18.99,1.9,1.9,2.1,2.1
0,5.346848,15.35714,0,0.125,18.99,1.9,1.9,2.1,2.1
0,5.333169,15.38132,0,0.125,18.99,1.9,1.9,2.1,2.1
0,5.319409,15.40477,0,0.125,18.99,1.9,1.9,2.1,2.1
0,5.277886,15.47299,0,0.125,18.99,0,0,0,0
0,5.19268,15.58669,0,0.125,18.99,0,0,0,0
0,5.131956,15.6549,0,0.125,18.99,0,0,0,0
0,5.085073,15.70038,0,0.125,18.99,0,0,0,0
0,5.058433,15.72312,0,0.125,18.99,0,0,0,0
0,5.028592,15.74586,0,0.125,18.99,1.9,1.9,2.1,2.1
0,4.93893,15.81246,0,0.125,18.99,1.9,1.9,2.1,2.1
0,4.87908,15.85588,0,0.125,18.99,1.9,1.9,2.1,2.1
0,4.789214,15.91968,0,0.125,18.99,1.9,1.9,2.1,2.1
0,4.759239,15.9406,0,0.125,18.99,1.9,1.9,2.1,2.1
0,4.699258,15.98179,0,0.125,18.99,2,2,2,2
0,4.639258,16.02251,0,0.125,18.99,2,2,2,2
0,4.519246,16.10334,0,0.125,18.99,0,0,0,0
0,4.45284,16.14375,0,0.125,18.99,0,0,0,0
0,4.416437,16.16396,0,0.125,18.99,0,0,0,0
0,4.33723,16.20437,0,0.125,18.99,0,0,0,0
0,4.20882,16.26499,0,0.125,18.99,0,0,0,0
0,4.116814,16.3054,0,0.125,18.99,0,0,0,0
0,4.06761,16.32561,0,0.125,18.99,0,0,0,0
0,3.962804,16.36602,0,0.125,18.99,0,0,0,0
0,3.740391,16.44685,0,0.125,18.99,0,0,0,0
0,3.681587,16.46705,0,0.125,18.99,0,0,0,0
0,3.557581,16.50747,0,0.125,18.99,0,0,0,0
0,3.427175,16.54788,0,0.125,18.99,0,0,0,0
0,3.153562,16.6287,0,0.125,18.99,0,0,0,0
0,3.081958,16.64891,0,0.125,18.99,0,0,0,0
0,2.932352,16.68932,0,0.125,18.99,0,0,0,0
0,2.776345,16.72974,0,0.125,18.99,0,0,0,0
0,2.451532,16.81056,0,0.125,18.99,0,0,0,0
0,2.367129,16.83077,0,0.125,18.99,0,0,0,0
0,2.191922,16.87118,0,0.125,18.99,0,0,0,0
0,2.010316,16.91159,0,0.125,18.99,0,0,0,0
0,1.728307,16.97221,0,0.125,18.99,0,0,0,0
0,1.631103,16.99242,0,0.125,18.99,0,0,0,0
0,1.430297,17.03283,0,0.125,18.99,0,0,0,0
0,1.22309,17.07325,0,0.125,18.99,0,0,0,0
0,0.7958776,17.15407,0,0.125,18.99,0,0,0,0
0,0.6858743,17.17428,0,0.125,18.99,0,0,0,0
-0.000918054,0.5743082,17.14754,0,0.125,18.99,0,0,0,0
0.002946337,0.4811468,16.86498,0,0.125,18.99,0,0,0,0
0.004945104,0.4966785,16.85765,0,0.125,18.99,0,0,0,0
0.005165336,0.5017727,16.85229,0,0.125,18.99,0,0,0,0
0.005289961,0.5027563,16.85049,0,0.125,18.99,0,0,0,0
0.005509986,0.5027775,16.84988,0,0.125,18.99,0,0,0,0
0.006067099,0.5000681,16.85068,0,0.125,18.99,0,0,0,0
0.007264212,0.4883806,16.85587,0,0.125,18.99,0,0,0,0
0.007587145,0.4838603,16.85809,0,0.125,18.99,0,0,0,0
0.008269947,0.4717025,16.8645,0,0.125,18.99,0,0,0,0
0.008878619,0.4562154,16.87275,0,0.125,18.99,0,0,0,0
0.009355462,0.4276507,16.8875,0,0.125,18.99,0,0,0,0
0.009425289,0.3925953,16.90297,0,0.125,18.99,0,0,0,0
0.0094258,0.3785725,16.90779,0,0.125,18.99,0,0,0,0
0.00969273,0.3493627,16.91675,0,0.125,18.99,0,0,0,0
0.009440068,0.3498682,16.91648,0,0.125,18.99,0,0,0,0
0.009428238,0.3499949,16.91647,0,0.125,18.99,0,0,0,0
0.009427853,0.3499998,16.91647,0,0.125,18.99,0,0,0,0
0.009427887,0.3500001,16.91647,0,0.125,18.99,0,0,0,0
0.009427881,0.35,16.91647,0,0.125,18.99,0,0,0,0
0.009427847,0.35,16.91647,0,0.125,18.99,0,0,0,0
0.009427866,0.35,16.91647,0,0.125,18.99,0,0,0,0
0.009428024,0.35,16.91647,0,0.125,18.99,0,0,0,0
0.009428049,0.35,16.91647,0,0.125,18.99,0,0,0,0
0.009427973,0.35,16.91647,0,0.125,18.99,0,0,0,0
0.009427979,0.35,16.91647,0,0.125,18.99,0,0,0,0
0.009428008,0.35,16.91647,0,0.125,18.99,0,0,0,0
0.009428042,0.35,16.91647,0,0.125,18.99,0,0,0,0
0.009428052,0.35,16.91647,0,0.125,18.99,0,0,0,0
0.009427996,0.35,16.91647,0,0.125,18.99,0,0,0,0
0.009428038,0.35,16.91647,0,0.125,18.99,0,0,0,0
0.009428065,0.35,16.91647,0,0.125,18.99,0,0,0,0
0.009428054,0.35,16.91647,0,0.125,18.99,0,0,0,0
0.009428076,0.35,16.91647,0,0.125,18.99,0,0,0,0
0.009428187,0.35,16.91647,0,0.125,18.99,0,0,0,0
0.009428205,0.35,16.91647,0,0.125,18.99,0,0,0,0
0.009428225,0.35,16.91647,0,0.125,18.99,0,0,0,0
0.009428235,0.35,16.91647,0,0.125,18.99,0,0,0,0
0.009428241,0.35,16.91647,0,0.125,18.99,0,0,0,0
0.009428247,0.35,16.91647,0,0.125,18.99,2,2,2,2
0,2,0,0,0.125,18.99,2,2,2,2
0,2,0,0,0.125,18.99,2,2,2,2
0,2,0,0,0.125,18.99,2,2,2,2
0,2,0,0,0.125,18.99,6,6,6,6
0,2.0064,0,0,0.125,18.99,2,2,2,2
0,2.0192,0,0,0.125,18.99,2,2,2,2
0,2.0256,0,0,0.125,18.99,2,2,2,2
0,2.044801,0,0,0.125,18.99,2,2,2,2
0,2.051201,0,0,0.125,18.99,2,2,2,2
0,2.064001,0,0,0.125,18.99,2,2,2,2
0,2.076801,0,0,0.125,18.99,2,2,2,2
0,2.108802,0,0,0.125,18.99,2,2,2,2
0,2.115202,0,0,0.125,18.99,2,2,2,2
0,2.121602,0,0,0.125,18.99,2,2,2,2
0,2.134402,0,0,0.125,18.99,2,2,2,2
0,2.160003,0,0,0.125,18.99,2,2,2,2
0,2.172803,0,0,0.125,18.99,2,2,2,2
0,2.179203,0,0,0.125,18.99,2,2,2,2
0,2.192003,0,0,0.125,18.99,2,2,2,2
0,2.217604,0,0,0.125,18.99,2,2,2,2
0,2.224004,0,0,0.125,18.99,2,2,2,2
0,2.236804,0,0,0.125,18.99,2,2,2,2
0,2.249604,0,0,0.125,18.99,2,2,2,2
0,2.268805,0,0,0.125,18.99,2,2,2,2
0,2.275205,0,0,0.125,18.99,2,2,2,2
0,2.288005,0,0,0.125,18.99,2,2,2,2
0,2.300805,0,0,0.125,18.99,2,2,2,2
0,2.326406,0,0,0.125,18.99,2,2,2,2
0,2.332806,0,0,0.125,18.99,2,2,2,2
0,2.345606,0,0,0.125,18.99,2,2,2,2
0,2.358406,0,0,0.125,18.99,2,2,2,2
0,2.384007,0,0,0.125,18.99,2,2,2,2
0,2.390407,0,0,0.125,18.99,2,2,2,2
0,2.403207,0,0,0.125,18.99,2,2,2,2
0,2.416007,0,0,0.125,18.99,2,2,2,2
0,2.435207,0,0,0.125,18.99,2,2,2,2
0,2.448008,0,0,0.125,18.99,2,2,2,2
0,2.460808,0,0,0.125,18.99,2,2,2,2
0,2.467208,0,0,0.125,18.99,2,2,2,2
0,2.492808,0,0,0.125,18.99,2,2,2,2
0,2.499208,0,0,0.125,18.99,2,2,2,2
0,2.512009,0,0,0.125,18.99,2,2,2,2
0,2.524809,0,0,0.125,18.99,2,2,2,2
0,2.550409,0,0,0.125,18.99,2,2,2,2
0,2.556809,0,0,0.125,18.99,2,2,2,2
0,2.56961,0,0,0.125,18.99,2,2,2,2
0,2.58241,0,0,0.125,18.99,2,2,2,2
0,2.60801,0,0,0.125,18.99,2,2,2,2
0,2.61441,0,0,0.125,18.99,2,2,2,2
0,2.627211,0,0,0.125,18.99,2,2,2,2
0,2.640011,0,0,0.125,18.99,2,2,2,2
0,2.665611,0,0,0.125,18.99,2,2,2,2
0,2.672011,0,0,0.125,18.99,2,2,2,2
0,2.684812,0,0,0.125,18.99,2,2,2,2
0,2.697612,0,0,0.125,18.99,2,2,2,2
0,2.716812,0,0,0.125,18.99,2,2,2,2
0,2.723212,0,0,0.125,18.99,2,2,2,2
0,2.736012,0,0,0.125,18.99,2,2,2,2
0,2.748813,0,0,0.125,18.99,2,2,2,2
0,2.774413,0,0,0.125,18.99,2,2,2,2
0,2.780813,0,0,0.125,18.99,2,2,2,2
0,2.793613,0,0,0.125,18.99,2,2,2,2
0,2.806414,0,0,0.125,18.99,2,2,2,2
0,2.832014,0,0,0.125,18.99,2,2,2,2
0,2.838414,0,0,0.125,18.99,2,2,2,2
0,2.851214,0,0,0.125,18.99,2,2,2,2
0,2.864015,0,0,0.125,18.99,2,2,2,2
0,2.883215,0,0,0.125,18.99,2,2,2,2
0,2.896015,0,0,0.125,18.99,2,2,2,2
0,2.902415,0,0,0.125,18.99,2,2,2,2
0,2.915215,0,0,0.125,18.99,2,2,2,2
0,2.940816,0,0,0.125,18.99,0,0,0,0
0,2.950416,0,0,0.125,18.99,0,0,0,0
0,2.950416,0,0,0.125,18.99,2,2,2,2
0,2.950416,0,0,0.125,18.99,2,2,2,2
0,2.950416,0,0,0.125,18.99,2,2,2,2
0,2.950416,0,0,0.125,18.99,2,2,2,2
0,2.950416,0,0,0.125,18.99,2,2,2,2
0,2.950416,0,0,0.125,18.99,2,2,2,2
0,2.950416,0,0,0.125,18.99,2,2,2,2
0,2.950416,0,0,0.125,18.99,2,2,2,2
0,2.950416,0,0,0.125,18.99,2,2,2,2
0,2.950416,0,0,0.125,18.99,2,2,2,2
0,2.950416,0,0,0.125,18.99,2,2,2,2
0,2.950416,0,0,0.125,18.99,2,2,2,2
0,2.950416,0,0,0.125,18.99,1.8,1.8,2.2,2.2
0,2.950416,0,0,0.125,18.99,1.8,1.8,2.2,2.2
0,2.950416,7.089091E-05,0,0.125,18.99,2,2,2,2
0,2.950413,0.0003071789,0,0.125,18.99,2,2,2,2
0,2.950406,0.0008033339,0,0.125,18.99,2,2,2,2
0,2.950379,0.002078987,0,0.125,18.99,2,2,2,2
0,2.950361,0.00275208,0,0.125,18.99,2,2,2,2
0,2.950301,0.004641119,0,0.125,18.99,2.1,2.1,1.9,1.9
0,2.950209,0.007167134,0,0.125,18.99,2.1,2.1,1.9,1.9
0,2.949947,0.01363411,0,0.125,18.99,2.1,2.1,1.9,1.9
0,2.949856,0.01565152,0,0.125,18.99,2.1,2.1,1.9,1.9
0,2.949623,0.02049941,0,0.125,18.99,2.1,2.1,1.9,1.9
0,2.949338,0.02616035,0,0.125,18.99,1.8,1.8,2.2,2.2
0,2.948503,0.04228675,0,0.125,18.99,1.8,1.8,2.2,2.2
0,2.948308,0.04593613,0,0.125,18.99,2.1,2.1,1.9,1.9
0,2.948082,0.05002718,0,0.125,18.99,2.1,2.1,1.9,1.9
0,2.947567,0.05911599,0,0.125,18.99,2.1,2.1,1.9,1.9
0,2.94669,0.07414439,0,0.125,18.99,2.1,2.1,1.9,1.9
0,2.946038,0.08509343,0,0.125,18.99,2.1,2.1,1.9,1.9
0,2.94568,0.09102131,0,0.125,18.99,2.1,2.1,1.9,1.9
0,2.944902,0.1037604,0,0.125,18.99,2.1,2.1,1.9,1.9
0,2.943243,0.1308647,0,0.125,18.99,2.1,2.1,1.9,1.9
0,2.942383,0.1450421,0,0.125,18.99,2,2,2,2
0,2.941942,0.1523846,0,0.125,18.99,2,2,2,2
0,2.941046,0.1675181,0,0.125,18.99,2,2,2,2
0,2.939237,0.1984465,0,0.125,18.99,2,2,2,2
0,2.938784,0.2062259,0,0.125,18.99,1.8,1.8,2.2,2.2
0,2.937879,0.2218201,0,0.125,18.99,1.8,1.8,2.2,2.2
0,2.936973,0.2373788,0,0.125,18.99,1.8,1.8,2.2,2.2
0,2.935161,0.2683781,0,0.125,18.99,2,2,2,2
0,2.934255,0.283866,0,0.125,18.99,2,2,2,2
0,2.933802,0.2916158,0,0.125,18.99,2,2,2,2
0,2.932896,0.3071391,0,0.125,18.99,2,2,2,2
0,2.931537,0.330495,0,0.125,18.99,2,2,2,2
0,2.931084,0.3383217,0,0.125,18.99,2,2,2,2
0,2.929723,0.3619434,0,0.125,18.99,2,2,2,2
0,2.929268,0.3698823,0,0.125,18.99,2,2,2,2
0,2.927448,0.4019215,0,0.125,18.99,2,2,2,2
0,2.926991,0.4100258,0,0.125,18.99,2,2,2,2
0,2.926075,0.4264352,0,0.125,18.99,2,2,2,2
0,2.925154,0.443069,0,0.125,18.99,2,2,2,2
0,2.923304,0.4768329,0,0.125,18.99,2,2,2,2
0,2.922838,0.4854215,0,0.125,18.99,2,2,2,2
0,2.921899,0.5029058,0,0.125,18.99,2,2,2,2
0,2.920951,0.5207208,0,0.125,18.99,2,2,2,2
0,2.919515,0.5479748,0,0.125,18.99,2,2,2,2
0,2.918545,0.5665337,0,0.125,18.99,2,2,2,2
0,2.918054,0.5760199,0,0.125,18.99,2,2,2,2
0,2.917057,0.5954171,0,0.125,18.99,2,2,2,2
0,2.915031,0.6351091,0,0.125,18.99,2,2,2,2
0,2.914515,0.6452799,0,0.125,18.99,1.8,1.8,2.2,2.2
0,2.912937,0.6765537,0,0.125,18.99,1.8,1.8,2.2,2.2
0,2.911856,0.6980164,0,0.125,18.99,2.1,2.1,1.9,1.9
0,2.909609,0.7424037,0,0.125,18.99,2.1,2.1,1.9,1.9
0,2.909014,0.7539598,0,0.125,18.99,2.1,2.1,1.9,1.9
0,2.908384,0.7659926,0,0.125,18.99,2.1,2.1,1.9,1.9
0,2.907048,0.791035,0,0.125,18.99,2.1,2.1,1.9,1.9
0,2.904925,0.830099,0,0.125,18.99,2.1,2.1,1.9,1.9
0,2.903432,0.8571419,0,0.125,18.99,2.1,2.1,1.9,1.9
0,2.901864,0.8851616,0,0.125,18.99,2.1,2.1,1.9,1.9
0,2.900228,0.9141114,0,0.125,18.99,2.1,2.1,1.9,1.9
0,2.897686,0.9588261,0,0.125,18.99,2.1,2.1,1.9,1.9
0,2.895952,0.9893551,0,0.125,18.99,2.1,2.1,1.9,1.9
0,2.894188,1.020486,0,0.125,18.99,2,2,2,2
0,2.893298,1.036281,0,0.125,18.99,2,2,2,2
0,2.88882,1.116233,0,0.125,18.99,2,2,2,2
0,2.887924,1.132241,0,0.125,18.99,2,2,2,2
0,2.887028,1.148232,0,0.125,18.99,2,2,2,2
0,2.885235,1.180107,0,0.125,18.99,2,2,2,2
0,2.881639,1.243359,0,0.125,18.99,2,2,2,2
0,2.88073,1.258907,0,0.125,18.99,1.9,1.9,2.1,2.1
0,2.878882,1.289401,0,0.125,18.99,1.9,1.9,2.1,2.1
0,2.876994,1.319176,0,0.125,18.99,1.9,1.9,2.1,2.1
0,2.874083,1.362618,0,0.125,18.99,1.9,1.9,2.1,2.1
0,2.872077,1.390661,0,0.125,18.99,1.9,1.9,2.1,2.1
0,2.869997,1.417739,0,0.125,18.99,1.9,1.9,2.1,2.1
0,2.868918,1.430784,0,0.125,18.99,1.9,1.9,2.1,2.1
0,2.864451,1.480986,0,0.125,18.99,1.9,1.9,2.1,2.1
0,2.862148,1.505145,0,0.125,18.99,6,6,6,6
0,2.872457,1.526619,0,0.125,18.99,6,6,6,6
0,2.895395,1.545549,0,0.125,18.99,6,6,6,6
0,2.948777,1.570338,0,0.125,18.99,1.9,1.9,2.1,2.1
0,3.002096,1.59403,0,0.125,18.99,1.9,1.9,2.1,2.1
0,3.019853,1.601615,0,0.125,18.99,1.9,1.9,2.1,2.1
0,3.037598,1.60891,0,0.125,18.99,2,2,2,2
0,3.108534,1.637055,0,0.125,18.99,2,2,2,2
0,3.126265,1.643949,0,0.125,18.99,2,2,2,2
0,3.161723,1.657513,0,0.125,18.99,2,2,2,2
0,3.19718,1.670972,0,0.125,18.99,2,2,2,2
0,3.268095,1.697911,0,0.125,18.99,2,2,2,2
0,3.285821,1.70477,0,0.125,18.99,2,2,2,2
0,3.321265,1.718796,0,0.125,18.99,2,2,2,2
0,3.356696,1.733246,0,0.125,18.99,2,2,2,2
0,3.409807,1.755736,0,0.125,18.99,2.1,2.1,1.9,1.9
0,3.445174,1.771448,0,0.125,18.99,2.1,2.1,1.9,1.9
0,3.462832,1.779711,0,0.125,18.99,2.1,2.1,1.9,1.9
0,3.498091,1.797085,0,0.125,18.99,2.1,2.1,1.9,1.9
0,3.568482,1.833622,0,0.125,18.99,2.1,2.1,1.9,1.9
0,3.586045,1.843228,0,0.125,18.99,2.1,2.1,1.9,1.9
0,3.621102,1.86338,0,0.125,18.99,2.1,2.1,1.9,1.9
0,3.656092,1.884451,0,0.125,18.99,2.1,2.1,1.9,1.9
0,3.725954,1.928337,0,0.125,18.99,2.1,2.1,1.9,1.9
0,3.743398,1.939673,0,0.125,18.99,2,2,2,2
0,3.77825,1.963031,0,0.125,18.99,2,2,2,2
0,3.813075,1.986979,0,0.125,18.99,2,2,2,2
0,3.865283,2.023644,0,0.125,18.99,2,2,2,2
0,3.917477,2.060841,0,0.125,18.99,2,2,2,2
0,3.934873,2.073346,0,0.125,18.99,2,2,2,2
0,3.952268,2.085934,0,0.125,18.99,2,2,2,2
0,4.039241,2.149169,0,0.125,18.99,2,2,2,2
0,4.056635,2.161757,0,0.125,18.99,2,2,2,2
0,4.074028,2.174262,0,0.125,18.99,2,2,2,2
0,4.10881,2.19906,0,0.125,18.99,2,2,2,2
0,4.17836,2.248042,0,0.125,18.99,2,2,2,2
0,4.195738,2.260039,0,0.125,18.99,2,2,2,2
0,4.230471,2.283492,0,0.125,18.99,1.9,1.9,2.1,2.1
0,4.265171,2.306307,0,0.125,18.99,1.9,1.9,2.1,2.1
0,4.317163,2.339469,0,0.125,18.99,1.9,1.9,2.1,2.1
0,4.351778,2.3608,0,0.125,18.99,1.9,1.9,2.1,2.1
0,4.386342,2.381329,0,0.125,18.99,1.9,1.9,2.1,2.1
0,4.403598,2.391193,0,0.125,18.99,1.9,1.9,2.1,2.1
0,4.472528,2.429069,0,0.125,18.99,1.9,1.9,2.1,2.1
0,4.489741,2.43819,0,0.125,18.99,1.9,1.9,2.1,2.1
0,4.524134,2.455772,0,0.125,18.99,1.9,1.9,2.1,2.1
0,4.558501,2.472788,0,0.125,18.99,2,2,2,2
0,4.627204,2.505923,0,0.125,18.99,2,2,2,2
0,4.644378,2.5141,0,0.125,18.99,2,2,2,2
0,4.678725,2.530301,0,0.125,18.99,2,2,2,2
0,4.713071,2.546467,0,0.125,18.99,2,2,2,2
0,4.76459,2.57084,0,0.125,18.99,2,2,2,2
0,4.79893,2.587348,0,0.125,18.99,2,2,2,2
0,4.816094,2.595791,0,0.125,18.99,2,2,2,2
0,4.850409,2.613115,0,0.125,18.99,2,2,2,2
0,4.918989,2.648871,0,0.125,18.99,2.1,2.1,1.9,1.9
0,4.93611,2.658205,0,0.125,18.99,2.1,2.1,1.9,1.9
0,4.970296,2.677709,0,0.125,18.99,2.1,2.1,1.9,1.9
0,5.004418,2.69812,0,0.125,18.99,2.1,2.1,1.9,1.9
0,5.072518,2.740849,0,0.125,18.99,2.1,2.1,1.9,1.9
0,5.089504,2.752032,0,0.125,18.99,2.1,2.1,1.9,1.9
0,5.123396,2.775397,0,0.125,18.99,2.1,2.1,1.9,1.9
0,5.157215,2.799739,0,0.125,18.99,2.1,2.1,1.9,1.9
0,5.207839,2.837646,0,0.125,18.99,2.1,2.1,1.9,1.9
0,5.241536,2.863743,0,0.125,18.99,2.1,2.1,1.9,1.9
0,5.275191,2.890571,0,0.125,18.99,2.1,2.1,1.9,1.9
0,5.292004,2.904292,0,0.125,18.99,2,2,2,2
0,5.35921,2.960261,0,0.125,18.99,0,0,0,0
0,5.400013,3.002238,0,0.125,18.99,0,0,0,0
0,5.410415,3.01623,0,0.125,18.99,0,0,0,0
0,5.417616,3.030223,0,0.125,18.99,0,0,0,0
0,5.43362,3.086192,0,0.125,18.99,2,2,2,2
0,5.441611,3.113798,0,0.125,18.99,2,2,2,2
0,5.445596,3.127342,0,0.125,18.99,1.9,1.9,2.1,2.1
0,5.453539,3.153839,0,0.125,18.99,1.9,1.9,2.1,2.1
0,5.465394,3.192525,0,0.125,18.99,1.9,1.9,2.1,2.1
0,5.473241,3.217467,0,0.125,18.99,1.9,1.9,2.1,2.1
0,5.477131,3.229478,0,0.125,18.99,1.9,1.9,2.1,2.1
0,5.484843,3.25256,0,0.125,18.99,1.9,1.9,2.1,2.1
0,5.500119,3.296793,0,0.125,18.99,1.9,1.9,2.1,2.1
0,5.503901,3.307369,0,0.125,18.99,1.9,1.9,2.1,2.1
0,5.511394,3.327568,0,0.125,18.99,1.9,1.9,2.1,2.1
0,5.518823,3.346859,0,0.125,18.99,1.9,1.9,2.1,2.1
0,5.533571,3.38377,0,0.125,18.99,1.9,1.9,2.1,2.1
0,5.537241,3.392673,0,0.125,18.99,1.9,1.9,2.1,2.1
0,5.544555,3.409889,0,0.125,18.99,2,2,2,2
0,5.551854,3.426657,0,0.125,18.99,2,2,2,2
0,5.56279,3.451349,0,0.125,18.99,2,2,2,2
0,5.57008,3.467716,0,0.125,18.99,2,2,2,2
0,5.573725,3.475924,0,0.125,18.99,2,2,2,2
0,5.581014,3.492456,0,0.125,18.99,2,2,2,2
0,5.59558,3.526041,0,0.125,18.99,2,2,2,2
0,5.59921,3.534708,0,0.125,18.99,2.1,2.1,1.9,1.9
0,5.606441,3.552657,0,0.125,18.99,2.1,2.1,1.9,1.9
0,5.61363,3.571336,0,0.125,18.99,2.1,2.1,1.9,1.9
0,5.627901,3.610345,0,0.125,18.99,2.1,2.1,1.9,1.9
0,5.631432,3.62058,0,0.125,18.99,2.1,2.1,1.9,1.9
0,5.638417,3.642039,0,0.125,18.99,2.1,2.1,1.9,1.9
0,5.645322,3.664509,0,0.125,18.99,1.8,1.8,2.2,2.2
0,5.662383,3.723215,0,0.125,18.99,2.1,2.1,1.9,1.9
0,5.665745,3.73552,0,0.125,18.99,2.1,2.1,1.9,1.9
0,5.669056,3.748396,0,0.125,18.99,2.1,2.1,1.9,1.9
0,5.672316,3.761841,0,0.125,18.99,2.1,2.1,1.9,1.9
0,5.685154,3.81788,0,0.125,18.99,2.1,2.1,1.9,1.9
0,5.688322,3.832407,0,0.125,18.99,2.1,2.1,1.9,1.9
0,5.694578,3.862462,0,0.125,18.99,2.1,2.1,1.9,1.9
0,5.70077,3.893423,0,0.125,18.99,2.1,2.1,1.9,1.9
0,5.713056,3.956926,0,0.125,18.99,2,2,2,2
0,5.716117,3.973055,0,0.125,18.99,2,2,2,2
0,5.722225,4.005751,0,0.125,18.99,2,2,2,2
0,5.728326,4.038742,0,0.125,18.99,2,2,2,2
0,5.737474,4.088459,0,0.125,18.99,2,2,2,2
0,5.740523,4.105002,0,0.125,18.99,2,2,2,2
0,5.746621,4.137959,0,0.125,18.99,2,2,2,2
0,5.752713,4.170643,0,0.125,18.99,2,2,2,2
0,5.764871,4.235186,0,0.125,18.99,1.9,1.9,2.1,2.1
0,5.767891,4.250973,0,0.125,18.99,1.9,1.9,2.1,2.1
0,5.773887,4.281794,0,0.125,18.99,1.9,1.9,2.1,2.1
0,5.779826,4.311767,0,0.125,18.99,1.9,1.9,2.1,2.1
0,5.79451,4.384404,0,0.125,18.99,1.9,1.9,2.1,2.1
0,5.797405,4.398414,0,0.125,18.99,1.9,1.9,2.1,2.1
0,5.797405,4.398414,0,0.125,18.99,1.9,1.9,2.1,2.1
0,5.803021,4.42434,0,0.125,18.99,1.9,1.9,2.1,2.1
0,5.814089,4.474145,0,0.125,18.99,1.9,1.9,2.1,2.1
0,5.816823,4.486131,0,0.125,18.99,1.9,1.9,2.1,2.1
0,5.822226,4.509209,0,0.125,18.99,1.9,1.9,2.1,2.1
0,5.827579,4.531486,0,0.125,18.99,1.9,1.9,2.1,2.1
0,5.835554,4.563874,0,0.125,18.99,2,2,2,2
0,5.840853,4.584994,0,0.125,18.99,2,2,2,2
0,5.846143,4.605784,0,0.125,18.99,2,2,2,2
0,5.851431,4.626386,0,0.125,18.99,2,2,2,2
0,5.859362,4.657216,0,0.125,18.99,2,2,2,2
0,5.862004,4.667576,0,0.125,18.99,2,2,2,2
0,5.867286,4.688532,0,0.125,18.99,2,2,2,2
0,5.872556,4.709866,0,0.125,18.99,2,2,2,2
0,5.883054,4.753572,0,0.125,18.99,2.1,2.1,1.9,1.9
0,5.885653,4.7649,0,0.125,18.99,2.1,2.1,1.9,1.9
0,5.890793,4.788414,0,0.125,18.99,2.1,2.1,1.9,1.9
0,5.895862,4.812883,0,0.125,18.99,2.1,2.1,1.9,1.9
0,5.903342,4.85112,0,0.125,18.99,2.1,2.1,1.9,1.9
0,5.905788,4.864413,0,0.125,18.99,2.1,2.1,1.9,1.9
0,5.910584,4.892103,0,0.125,18.99,2.1,2.1,1.9,1.9
0,5.915284,4.920898,0,0.125,18.99,0,0,0,0
0,5.911033,4.992887,0,0.125,18.99,2.1,2.1,1.9,1.9
0,5.909251,5.022706,0,0.125,18.99,2.1,2.1,1.9,1.9
0,5.908322,5.038104,0,0.125,18.99,2.1,2.1,1.9,1.9
0,5.907358,5.053973,0,0.125,18.99,2.1,2.1,1.9,1.9
0,5.904373,5.102922,0,0.125,18.99,2.1,2.1,1.9,1.9
0,5.902342,5.136275,0,0.125,18.99,2.1,2.1,1.9,1.9
0,5.901314,5.153241,0,0.125,18.99,2,2,2,2
0,5.899238,5.187667,0,0.125,18.99,2,2,2,2
0,5.895068,5.257183,0,0.125,18.99,2,2,2,2
0,5.894026,5.274561,0,0.125,18.99,2,2,2,2
0,5.891941,5.309236,0,0.125,18.99,2,2,2,2
0,5.889852,5.343663,0,0.125,18.99,2,2,2,2
0,5.885646,5.41169,0,0.125,18.99,1.9,1.9,2.1,2.1
0,5.884573,5.428326,0,0.125,18.99,1.9,1.9,2.1,2.1
0,5.882374,5.460784,0,0.125,18.99,1.9,1.9,2.1,2.1
0,5.880108,5.492312,0,0.125,18.99,1.9,1.9,2.1,2.1
0,5.876585,5.538069,0,0.125,18.99,0,0,0,0
0,5.863463,5.583825,0,0.125,18.99,0,0,0,0
0,5.855889,5.599077,0,0.125,18.99,1.9,1.9,2.1,2.1
0,5.840614,5.628314,0,0.125,18.99,1.9,1.9,2.1,2.1
0,5.817497,5.670199,0,0.125,18.99,1.9,1.9,2.1,2.1
0,5.809719,5.683487,0,0.125,18.99,1.9,1.9,2.1,2.1
0,5.79402,5.708714,0,0.125,18.99,1.9,1.9,2.1,2.1
0,5.778182,5.732615,0,0.125,18.99,1.9,1.9,2.1,2.1
0,5.754232,5.766548,0,0.125,18.99,1.9,1.9,2.1,2.1
0,5.738157,5.787995,0,0.125,18.99,1.9,1.9,2.1,2.1
0,5.72199,5.808361,0,0.125,18.99,1.9,1.9,2.1,2.1
0,5.713869,5.818061,0,0.125,18.99,1.9,1.9,2.1,2.1
0,5.681261,5.855071,0,0.125,18.99,1.9,1.9,2.1,2.1
0,5.673097,5.864041,0,0.125,18.99,2,2,2,2
0,5.656751,5.881508,0,0.125,18.99,2,2,2,2
0,5.640398,5.898692,0,0.125,18.99,2,2,2,2
0,5.607691,5.932869,0,0.125,18.99,2,2,2,2
0,5.599511,5.941556,0,0.125,18.99,2,2,2,2
0,5.58314,5.959307,0,0.125,18.99,2.1,2.1,1.9,1.9
0,5.566745,5.977624,0,0.125,18.99,2.1,2.1,1.9,1.9
0,5.542089,6.006197,0,0.125,18.99,2.1,2.1,1.9,1.9
0,5.533835,6.016192,0,0.125,18.99,2.1,2.1,1.9,1.9
0,5.517249,6.037182,0,0.125,18.99,2.1,2.1,1.9,1.9
0,5.500569,6.059267,0,0.125,18.99,2.1,2.1,1.9,1.9
0,5.466996,6.105762,0,0.125,18.99,2.1,2.1,1.9,1.9
0,5.45854,6.118014,0,0.125,18.99,2.1,2.1,1.9,1.9
0,5.441502,6.143785,0,0.125,18.99,2.1,2.1,1.9,1.9
0,5.424336,6.170824,0,0.125,18.99,2.1,2.1,1.9,1.9
0,5.398406,6.213248,0,0.125,18.99,2.1,2.1,1.9,1.9
0,5.38101,6.242706,0,0.125,18.99,2.1,2.1,1.9,1.9
0,5.363517,6.27327,0,0.125,18.99,1.8,1.8,2.2,2.2
0,5.345945,6.304845,0,0.125,18.99,1.8,1.8,2.2,2.2
0,5.319476,6.353657,0,0.125,18.99,2.1,2.1,1.9,1.9
0,5.292897,6.403916,0,0.125,18.99,2.1,2.1,1.9,1.9
0,5.284004,6.421134,0,0.125,18.99,2.1,2.1,1.9,1.9
0,5.275078,6.438806,0,0.125,18.99,2.1,2.1,1.9,1.9
0,5.239256,6.511236,0,0.125,18.99,2.1,2.1,1.9,1.9
0,5.230282,6.529685,0,0.125,18.99,2.1,2.1,1.9,1.9
0,5.212303,6.567209,0,0.125,18.99,2,2,2,2
0,5.194306,6.605218,0,0.125,18.99,2,2,2,2
0,5.158296,6.68192,0,0.125,18.99,2,2,2,2
0,5.149292,6.701125,0,0.125,18.99,2,2,2,2
0,5.140289,6.720325,0,0.125,18.99,2,2,2,2
0,5.122283,6.75864,0,0.125,18.99,2,2,2,2
0,5.086263,6.834824,0,0.125,18.99,2,2,2,2
0,5.077247,6.853616,0,0.125,18.99,1.9,1.9,2.1,2.1
0,5.05919,6.890622,0,0.125,18.99,1.9,1.9,2.1,2.1
0,5.041095,6.926932,0,0.125,18.99,1.9,1.9,2.1,2.1
0,4.986664,7.033497,0,0.125,18.99,1.9,1.9,2.1,2.1
0,4.977553,7.050757,0,0.125,18.99,1.9,1.9,2.1,2.1
0,4.968401,7.067506,0,0.125,18.99,1.9,1.9,2.1,2.1
0,4.950012,7.099968,0,0.125,18.99,1.9,1.9,2.1,2.1
0,4.931539,7.131396,0,0.125,18.99,1.9,1.9,2.1,2.1
0,4.922262,7.146604,0,0.125,18.99,1.9,1.9,2.1,2.1
0,4.903632,7.176031,0,0.125,18.99,1.9,1.9,2.1,2.1
0,4.866238,7.233049,0,0.125,18.99,1.9,1.9,2.1,2.1
0,4.856869,7.246939,0,0.125,18.99,2.2,2.2,1.8,1.8
0,4.838095,7.274045,0,0.125,18.99,2.2,2.2,1.8,1.8
0,4.819292,7.30055,0,0.125,18.99,2.2,2.2,1.8,1.8
0,4.781635,7.352403,0,0.125,18.99,1.9,1.9,2.1,2.1
0,4.762776,7.377704,0,0.125,18.99,1.9,1.9,2.1,2.1
0,4.753332,7.390042,0,0.125,18.99,1.9,1.9,2.1,2.1
0,4.734413,7.414105,0,0.125,18.99,1.9,1.9,2.1,2.1
0,4.705997,7.44935,0,0.125,18.99,2,2,2,2
0,4.687036,7.472386,0,0.125,18.99,2,2,2,2
0,4.67755,7.483709,0,0.125,18.99,2,2,2,2
0,4.649076,7.517149,0,0.125,18.99,2,2,2,2
0,4.620595,7.550217,0,0.125,18.99,2,2,2,2
0,4.611101,7.561168,0,0.125,18.99,2,2,2,2
0,4.592111,7.582965,0,0.125,18.99,2,2,2,2
0,4.573122,7.604727,0,0.125,18.99,2,2,2,2
0,4.535142,7.648322,0,0.125,18.99,2.2,2.2,1.8,1.8
0,4.51615,7.670296,0,0.125,18.99,2.2,2.2,1.8,1.8
0,4.506652,7.681384,0,0.125,18.99,2.2,2.2,1.8,1.8
0,4.487654,7.703749,0,0.125,18.99,2.2,2.2,1.8,1.8
0,4.449656,7.748714,0,0.125,18.99,2.2,2.2,1.8,1.8
0,4.440156,7.759897,0,0.125,18.99,2,2,2,2
0,4.421152,7.782061,0,0.125,18.99,2,2,2,2
0,4.402138,7.803859,0,0.125,18.99,2,2,2,2
0,4.373583,7.83576,0,0.125,18.99,1.9,1.9,2.1,2.1
0,4.364041,7.846004,0,0.125,18.99,1.9,1.9,2.1,2.1
0,4.344901,7.865646,0,0.125,18.99,1.9,1.9,2.1,2.1
0,4.325688,7.884323,0,0.125,18.99,1.9,1.9,2.1,2.1
0,4.287086,7.919559,0,0.125,18.99,1.9,1.9,2.1,2.1
0,4.277379,7.92777,0,0.125,18.99,1.9,1.9,2.1,2.1
0,4.257846,7.942968,0,0.125,18.99,1.9,1.9,2.1,2.1
0,4.238192,7.956923,0,0.125,18.99,1.9,1.9,2.1,2.1
0,4.198639,7.982345,0,0.125,18.99,1.9,1.9,2.1,2.1
0,4.188695,7.988101,0,0.125,18.99,1.9,1.9,2.1,2.1
0,4.168696,7.998439,0,0.125,18.99,1.9,1.9,2.1,2.1
0,4.148602,8.007672,0,0.125,18.99,1.9,1.9,2.1,2.1
0,4.11834,8.020003,0,0.125,18.99,1.9,1.9,2.1,2.1
0,4.098111,8.027389,0,0.125,18.99,1.9,1.9,2.1,2.1
0,4.087977,8.030733,0,0.125,18.99,1.9,1.9,2.1,2.1
0,4.06768,8.03681,0,0.125,18.99,2,2,2,2
0,4.027057,8.048113,0,0.125,18.99,2,2,2,2
0,4.016901,8.050915,0,0.125,18.99,2,2,2,2
0,3.99659,8.056566,0,0.125,18.99,2,2,2,2
0,3.976274,8.062454,0,0.125,18.99,2,2,2,2
0,3.935615,8.075081,0,0.125,18.99,2.1,2.1,1.9,1.9
0,3.925424,8.078638,0,0.125,18.99,2.1,2.1,1.9,1.9
0,3.904983,8.086636,0,0.125,18.99,2.1,2.1,1.9,1.9
0,3.884459,8.095657,0,0.125,18.99,2.1,2.1,1.9,1.9
0,3.853519,8.110901,0,0.125,18.99,2.1,2.1,1.9,1.9
0,3.843141,8.116621,0,0.125,18.99,2.1,2.1,1.9,1.9
0,3.82225,8.129375,0,0.125,18.99,2.1,2.1,1.9,1.9
0,3.801212,8.14349,0,0.125,18.99,2.1,2.1,1.9,1.9
0,3.758833,8.174488,0,0.125,18.99,2.1,2.1,1.9,1.9
0,3.748163,8.182929,0,0.125,18.99,2.1,2.1,1.9,1.9
0,3.726673,8.201182,0,0.125,18.99,2.1,2.1,1.9,1.9
0,3.705045,8.220761,0,0.125,18.99,2.1,2.1,1.9,1.9
0,3.661539,8.262433,0,0.125,18.99,2.1,2.1,1.9,1.9
0,3.650618,8.273386,0,0.125,18.99,2.1,2.1,1.9,1.9
0,3.628694,8.296305,0,0.125,18.99,2.1,2.1,1.9,1.9
0,3.606711,8.320095,0,0.125,18.99,2.1,2.1,1.9,1.9
0,3.573678,8.356842,0,0.125,18.99,2,2,2,2
0,3.562659,8.369304,0,0.125,18.99,2,2,2,2
0,3.540614,8.394557,0,0.125,18.99,2,2,2,2
0,3.518568,8.419951,0,0.125,18.99,2,2,2,2
0,3.474474,8.470649,0,0.125,18.99,2,2,2,2
0,3.463444,8.48311,0,0.125,18.99,2,2,2,2
0,3.430321,8.519717,0,0.125,18.99,6,6,6,6
0,3.420888,8.541718,0,0.125,18.99,6,6,6,6
0,3.425593,8.570271,0,0.125,18.99,1.9,1.9,2.1,2.1
0,3.428603,8.588038,0,0.125,18.99,1.9,1.9,2.1,2.1
0,3.430027,8.596208,0,0.125,18.99,1.9,1.9,2.1,2.1
0,3.432698,8.611049,0,0.125,18.99,1.9,1.9,2.1,2.1
0,3.436394,8.63089,0,0.125,18.99,1.9,1.9,2.1,2.1
0,3.438614,8.642368,0,0.125,18.99,1.9,1.9,2.1,2.1
0,3.439592,8.647199,0,0.125,18.99,1.9,1.9,2.1,2.1
0,3.441279,8.655019,0,0.125,18.99,1.9,1.9,2.1,2.1
0,3.444097,8.666932,0,0.125,18.99,1.9,1.9,2.1,2.1
0,3.444663,8.668979,0,0.125,18.99,1.9,1.9,2.1,2.1
0,3.445521,8.671222,0,0.125,18.99,1.9,1.9,2.1,2.1
0,3.446119,8.671659,0,0.125,18.99,1.9,1.9,2.1,2.1
0,3.446834,8.669053,0,0.125,18.99,1.9,1.9,2.1,2.1
0,3.447,8.666196,0,0.125,18.99,1.9,1.9,2.1,2.1
0,3.447001,8.664046,0,0.125,18.99,1.9,1.9,2.1,2.1
0,3.446853,8.658376,0,0.125,18.99,1.9,1.9,2.1,2.1
0,3.446459,8.648056,0,0.125,18.99,1.9,1.9,2.1,2.1
0,3.446129,8.640247,0,0.125,18.99,1.9,1.9,2.1,2.1
0,3.445943,8.635983,0,0.125,18.99,1.9,1.9,2.1,2.1
0,3.445344,8.622288,0,0.125,18.99,6,6,6,6
0,3.476319,8.597869,0,0.125,18.99,2,2,2,2
0,3.482507,8.593204,0,0.125,18.99,2.1,2.1,1.9,1.9
0,3.488682,8.588821,0,0.125,18.99,2.1,2.1,1.9,1.9
0,3.507152,8.576702,0,0.125,18.99,2.1,2.1,1.9,1.9
0,3.513269,8.573162,0,0.125,18.99,2.1,2.1,1.9,1.9
0,3.525409,8.567177,0,0.125,18.99,2.1,2.1,1.9,1.9
0,3.537425,8.562447,0,0.125,18.99,2.1,2.1,1.9,1.9
0,3.56115,8.555779,0,0.125,18.99,2.1,2.1,1.9,1.9
0,3.566976,8.554923,0,0.125,18.99,2.1,2.1,1.9,1.9
0,3.578407,8.554883,0,0.125,18.99,2.1,2.1,1.9,1.9
0,3.589597,8.556581,0,0.125,18.99,2.1,2.1,1.9,1.9
0,3.611469,8.563546,0,0.125,18.99,2.1,2.1,1.9,1.9
0,3.616804,8.566202,0,0.125,18.99,2.1,2.1,1.9,1.9
0,3.627206,8.573343,0,0.125,18.99,1.8,1.8,2.2,2.2
0,3.637348,8.582291,0,0.125,18.99,1.8,1.8,2.2,2.2
0,3.657099,8.603844,0,0.125,18.99,2.1,2.1,1.9,1.9
0,3.666665,8.616585,0,0.125,18.99,2.1,2.1,1.9,1.9
0,3.671286,8.62396,0,0.125,18.99,2.1,2.1,1.9,1.9
0,3.675744,8.632346,0,0.125,18.99,2.1,2.1,1.9,1.9
0,3.692919,8.669932,0,0.125,18.99,2.1,2.1,1.9,1.9
0,3.697056,8.680317,0,0.125,18.99,2.1,2.1,1.9,1.9
0,3.705025,8.703039,0,0.125,18.99,2.1,2.1,1.9,1.9
0,3.712711,8.727648,0,0.125,18.99,2.1,2.1,1.9,1.9
0,3.727567,8.780455,0,0.125,18.99,2.1,2.1,1.9,1.9
0,3.731184,8.79444,0,0.125,18.99,2.1,2.1,1.9,1.9
0,3.73824,8.823909,0,0.125,18.99,2.1,2.1,1.9,1.9
0,3.745154,8.854714,0,0.125,18.99,2.1,2.1,1.9,1.9
0,3.755368,8.902651,0,0.125,18.99,2.1,2.1,1.9,1.9
0,3.762123,8.935446,0,0.125,18.99,2.1,2.1,1.9,1.9
0,3.76885,8.968842,0,0.125,18.99,2,2,2,2
0,3.775567,9.002581,0,0.125,18.99,2,2,2,2
0,3.785642,9.053312,0,0.125,18.99,2,2,2,2
0,3.788997,9.07007,0,0.125,18.99,2,2,2,2
0,3.795692,9.103149,0,0.125,18.99,1.9,1.9,2.1,2.1
0,3.802348,9.135532,0,0.125,18.99,1.9,1.9,2.1,2.1
0,3.815526,9.198437,0,0.125,18.99,1.9,1.9,2.1,2.1
0,3.818749,9.213489,0,0.125,18.99,1.9,1.9,2.1,2.1
0,3.82503,9.242152,0,0.125,18.99,1.9,1.9,2.1,2.1
0,3.831107,9.269215,0,0.125,18.99,1.9,1.9,2.1,2.1
0,3.84278,9.319862,0,0.125,18.99,1.9,1.9,2.1,2.1
0,3.845544,9.331542,0,0.125,18.99,1.9,1.9,2.1,2.1
0,3.850748,9.352893,0,0.125,18.99,1.9,1.9,2.1,2.1
0,3.855606,9.372167,0,0.125,18.99,1.9,1.9,2.1,2.1
0,3.86235,9.397896,0,0.125,18.99,1.9,1.9,2.1,2.1
0,3.864412,9.405395,0,0.125,18.99,1.9,1.9,2.1,2.1
0,3.86816,9.418239,0,0.125,18.99,1.9,1.9,2.1,2.1
0,3.871544,9.42895,0,0.125,18.99,1.9,1.9,2.1,2.1
0,3.87761,9.446197,0,0.125,18.99,1.9,1.9,2.1,2.1
0,3.878974,9.449532,0,0.125,18.99,1.9,1.9,2.1,2.1
0,3.881411,9.454294,0,0.125,18.99,1.9,1.9,2.1,2.1
0,3.883591,9.457262,0,0.125,18.99,1.9,1.9,2.1,2.1
0,3.887514,9.459879,0,0.125,18.99,1.9,1.9,2.1,2.1
0,3.888424,9.459865,0,0.125,18.99,1.9,1.9,2.1,2.1
0,3.890122,9.458592,0,0.125,18.99,1.9,1.9,2.1,2.1
0,3.891736,9.456285,0,0.125,18.99,1.9,1.9,2.1,2.1
0,3.894081,9.451621,0,0.125,18.99,2,2,2,2
0,3.894856,9.449861,0,0.125,18.99,2,2,2,2
0,3.8964,9.446055,0,0.125,18.99,2,2,2,2
0,3.897944,9.442227,0,0.125,18.99,2,2,2,2
0,3.901024,9.435044,0,0.125,18.99,2.1,2.1,1.9,1.9
0,3.901771,9.433625,0,0.125,18.99,2.1,2.1,1.9,1.9
0,3.903206,9.431659,0,0.125,18.99,2.1,2.1,1.9,1.9
0,3.90455,9.430776,0,0.125,18.99,2.1,2.1,1.9,1.9
0,3.906982,9.431542,0,0.125,18.99,2.1,2.1,1.9,1.9
0,3.90749,9.432529,0,0.125,18.99,2.1,2.1,1.9,1.9
0,3.908287,9.436163,0,0.125,18.99,2.1,2.1,1.9,1.9
0,3.908834,9.441568,0,0.125,18.99,2.1,2.1,1.9,1.9
0,3.909238,9.452472,0,0.125,18.99,2.1,2.1,1.9,1.9
0,3.909198,9.461705,0,0.125,18.99,2.1,2.1,1.9,1.9
0,3.909016,9.467327,0,0.125,18.99,2.1,2.1,1.9,1.9
0,3.908325,9.480591,0,0.125,18.99,2.1,2.1,1.9,1.9
0,3.906288,9.511162,0,0.125,18.99,2.1,2.1,1.9,1.9
0,3.905623,9.519793,0,0.125,18.99,2.1,2.1,1.9,1.9
0,3.903986,9.539007,0,0.125,18.99,2.1,2.1,1.9,1.9
0,3.902066,9.560108,0,0.125,18.99,2.1,2.1,1.9,1.9
0,3.89771,9.6059,0,0.125,18.99,2.1,2.1,1.9,1.9
0,3.896524,9.618132,0,0.125,18.99,2.1,2.1,1.9,1.9
0,3.893974,9.644093,0,0.125,18.99,2.1,2.1,1.9,1.9
0,3.891282,9.671391,0,0.125,18.99,2.1,2.1,1.9,1.9
0,3.887088,9.714066,0,0.125,18.99,2.1,2.1,1.9,1.9
0,3.882811,9.757997,0,0.125,18.99,1.8,1.8,2.2,2.2
0,3.881376,9.772882,0,0.125,18.99,1.8,1.8,2.2,2.2
0,3.878495,9.803043,0,0.125,18.99,1.8,1.8,2.2,2.2
0,3.874166,9.848657,0,0.125,18.99,1.8,1.8,2.2,2.2
0,3.872722,9.863914,0,0.125,18.99,1.8,1.8,2.2,2.2
0,3.869835,9.894514,0,0.125,18.99,2,2,2,2
0,3.865502,9.940536,0,0.125,18.99,2,2,2,2
0,3.861169,9.986682,0,0.125,18.99,2,2,2,2
0,3.859725,10.00211,0,0.125,18.99,2,2,2,2
0,3.856835,10.03304,0,0.125,18.99,2,2,2,2
0,3.853945,10.06405,0,0.125,18.99,2,2,2,2
0,3.849609,10.11069,0,0.125,18.99,2,2,2,2
0,3.846718,10.14187,0,0.125,18.99,2,2,2,2
0,3.843826,10.17313,0,0.125,18.99,2,2,2,2
0,3.840934,10.20448,0,0.125,18.99,2,2,2,2
0,3.836594,10.25162,0,0.125,18.99,2,2,2,2
0,3.835147,10.26737,0,0.125,18.99,2,2,2,2
0,3.832253,10.29897,0,0.125,18.99,2,2,2,2
0,3.829359,10.33064,0,0.125,18.99,2,2,2,2
0,3.823569,10.39416,0,0.125,18.99,2,2,2,2
0,3.822122,10.41008,0,0.125,18.99,2,2,2,2
0,3.819225,10.44201,0,0.125,18.99,2,2,2,2
0,3.816329,10.47402,0,0.125,18.99,2,2,2,2
0,3.811983,10.52215,0,0.125,18.99,2,2,2,2
0,3.809085,10.55433,0,0.125,18.99,2,2,2,2
0,3.806187,10.58658,0,0.125,18.99,2,2,2,2
0,3.803288,10.61892,0,0.125,18.99,2,2,2,2
0,3.798939,10.66755,0,0.125,18.99,2,2,2,2
0,3.797489,10.68381,0,0.125,18.99,2,2,2,2
0,3.794589,10.71639,0,0.125,18.99,2,2,2,2
0,3.791688,10.74906,0,0.125,18.99,2,2,2,2
0,3.785885,10.81457,0,0.125,18.99,2,2,2,2
0,3.784434,10.83099,0,0.125,18.99,2,2,2,2
0,3.781531,10.86391,0,0.125,18.99,2,2,2,2
0,3.778628,10.89691,0,0.125,18.99,2,2,2,2
0,3.774273,10.94654,0,0.125,18.99,2,2,2,2
0,3.771369,10.9797,0,0.125,18.99,2,2,2,2
0,3.769917,10.99633,0,0.125,18.99,2,2,2,2
0,3.765558,11.04633,0,0.125,18.99,2,2,2,2
0,3.7612,11.09645,0,0.125,18.99,2,2,2,2
0,3.759747,11.1132,0,0.125,18.99,2,2,2,2
0,3.75684,11.14679,0,0.125,18.99,2,2,2,2
0,3.753932,11.18045,0,0.125,18.99,2,2,2,2
0,3.748117,11.24795,0,0.125,18.99,2,2,2,2
0,3.746663,11.26486,0,0.125,18.99,2,2,2,2
0,3.743754,11.29878,0,0.125,18.99,2,2,2,2
0,3.740844,11.33277,0,0.125,18.99,2,2,2,2
0,3.735024,11.40093,0,0.125,18.99,2,2,2,2
0,3.733568,11.41801,0,0.125,18.99,2,2,2,2
0,3.730657,11.45226,0,0.125,18.99,2,2,2,2
0,3.727746,11.48658,0,0.125,18.99,2,2,2,2
0,3.723378,11.5382,0,0.125,18.99,2,2,2,2
0,3.721921,11.55545,0,0.125,18.99,2,2,2,2
0,3.719008,11.59002,0,0.125,18.99,2,2,2,2
0,3.716094,11.62468,0,0.125,18.99,2,2,2,2
0,3.710265,11.69417,0,0.125,18.99,2,2,2,2
0,3.708808,11.71158,0,0.125,18.99,2,2,2,2
0,3.705892,11.74649,0,0.125,18.99,2,2,2,2
0,3.702976,11.78148,0,0.125,18.99,2,2,2,2
0,3.697144,11.85163,0,0.125,18.99,2,2,2,2
0,3.695685,11.86921,0,0.125,18.99,2,2,2,2
0,3.692768,11.90445,0,0.125,18.99,2,2,2,2
0,3.689849,11.93977,0,0.125,18.99,2,2,2,2
0,3.685471,11.99288,0,0.125,18.99,2,2,2,2
0,3.684012,12.01062,0,0.125,18.99,2,2,2,2
0,3.681092,12.04619,0,0.125,18.99,2,2,2,2
0,3.678172,12.08185,0,0.125,18.99,2,2,2,2
0,3.672331,12.15332,0,0.125,18.99,2,2,2,2
0,3.67087,12.17123,0,0.125,18.99,2,2,2,2
0,3.667948,12.20713,0,0.125,18.99,2,2,2,2
0,3.665025,12.24312,0,0.125,18.99,2,2,2,2
0,3.659179,12.31525,0,0.125,18.99,2,2,2,2
0,3.657718,12.33333,0,0.125,18.99,2,2,2,2
0,3.656256,12.35144,0,0.125,18.99,2,2,2,2
0,3.653331,12.38776,0,0.125,18.99,2,2,2,2
0,3.646019,12.47876,0,0.125,18.99,0,0,0,0
0,3.636694,12.51516,0,0.125,18.99,0,0,0,0
0,3.628831,12.53336,0,0.125,18.99,0,0,0,0
0,3.617769,12.55156,0,0.125,18.99,0,0,0,0
0,3.560719,12.62436,0,0.125,18.99,2,2,2,2
0,3.51793,12.67908,0,0.125,18.99,2,2,2,2
0,3.503667,12.69736,0,0.125,18.99,2,2,2,2
0,3.47514,12.73401,0,0.125,18.99,2,2,2,2
0,3.446613,12.77074,0,0.125,18.99,2,2,2,2
0,3.432349,12.78915,0,0.125,18.99,2,2,2,2
0,3.403821,12.82605,0,0.125,18.99,2,2,2,2
0,3.346764,12.90001,0,0.125,18.99,2,2,2,2
0,3.332499,12.91854,0,0.125,18.99,2,2,2,2
0,3.303969,12.95568,0,0.125,18.99,2,2,2,2
0,3.275438,12.99291,0,0.125,18.99,2,2,2,2
0,3.218376,13.06754,0,0.125,18.99,2,2,2,2
0,3.20411,13.08623,0,0.125,18.99,2,2,2,2
0,3.175578,13.12371,0,0.125,18.99,2,2,2,2
0,3.147046,13.16127,0,0.125,18.99,2,2,2,2
0,3.08998,13.23656,0,0.125,18.99,2,2,2,2
0,3.075713,13.25542,0,0.125,18.99,2,2,2,2
0,3.061446,13.27432,0,0.125,18.99,2,2,2,2
0,3.032911,13.31221,0,0.125,18.99,2,2,2,2
0,2.97584,13.38816,0,0.125,18.99,2,2,2,2
0,2.961572,13.40719,0,0.125,18.99,2,2,2,2
0,2.933036,13.44533,0,0.125,18.99,2,2,2,2
0,2.904499,13.48355,0,0.125,18.99,2,2,2,2
0,2.847425,13.56016,0,0.125,18.99,2,2,2,2
0,2.833156,13.57936,0,0.125,18.99,2,2,2,2
0,2.804617,13.61783,0,0.125,18.99,2,2,2,2
0,2.776078,13.65638,0,0.125,18.99,2,2,2,2
0,2.718999,13.73366,0,0.125,18.99,2.2,2.2,1.8,1.8
0,2.690459,13.77238,0,0.125,18.99,2.2,2.2,1.8,1.8
0,2.676188,13.79175,0,0.125,18.99,2,2,2,2
0,2.619108,13.86924,0,0.125,18.99,2,2,2,2
0,2.604836,13.88851,0,0.125,18.99,2,2,2,2
0,2.590562,13.90766,0,0.125,18.99,2,2,2,2
0,2.562007,13.94566,0,0.125,18.99,2,2,2,2
0,2.519157,14.00208,0,0.125,18.99,2,2,2,2
0,2.490568,14.03916,0,0.125,18.99,1.9,1.9,2.1,2.1
0,2.461949,14.07561,0,0.125,18.99,1.9,1.9,2.1,2.1
0,2.433292,14.11137,0,0.125,18.99,1.9,1.9,2.1,2.1
0,2.37589,14.18141,0,0.125,18.99,1.9,1.9,2.1,2.1
0,2.37589,14.18141,0,0.125,18.99,1.9,1.9,2.1,2.1
0,2.332692,14.23156,0,0.125,18.99,1.9,1.9,2.1,2.1
0,2.318271,14.24791,0,0.125,18.99,1.9,1.9,2.1,2.1
0,2.260501,14.31181,0,0.125,18.99,1.9,1.9,2.1,2.1
0,2.246045,14.3275,0,0.125,18.99,2,2,2,2
0,2.21711,14.35832,0,0.125,18.99,2,2,2,2
0,2.188159,14.38869,0,0.125,18.99,2,2,2,2
0,2.130238,14.44872,0,0.125,18.99,2,2,2,2
0,2.115757,14.46365,0,0.125,18.99,2,2,2,2
0,2.086792,14.49339,0,0.125,18.99,2,2,2,2
0,2.057828,14.5231,0,0.125,18.99,2,2,2,2
0,1.9999,14.58266,0,0.125,18.99,6,6,6,6
0,1.983719,14.61323,0,0.125,18.99,6,6,6,6
0,1.982015,14.62904,0,0.125,18.99,6,6,6,6
0,1.991367,14.66187,0,0.125,18.99,6,6,6,6
0,2.024509,14.71335,0,0.125,18.99,2.1,2.1,1.9,1.9
0,2.057603,14.76578,0,0.125,18.99,2.1,2.1,1.9,1.9
0,2.068613,14.78363,0,0.125,18.99,2.1,2.1,1.9,1.9
0,2.0796,14.80186,0,0.125,18.99,2.1,2.1,1.9,1.9
0,2.123453,14.87635,0,0.125,18.99,2.1,2.1,1.9,1.9
0,2.134392,14.89536,0,0.125,18.99,2.1,2.1,1.9,1.9
0,2.156225,14.93415,0,0.125,18.99,2.1,2.1,1.9,1.9
0,2.178017,14.97366,0,0.125,18.99,2.1,2.1,1.9,1.9
0,2.221535,15.05397,0,0.125,18.99,2,2,2,2
0,2.232406,15.07428,0,0.125,18.99,2,2,2,2
0,2.254135,15.1153,0,0.125,18.99,2,2,2,2
0,2.275856,15.15665,0,0.125,18.99,2,2,2,2
0,2.308432,15.21901,0,0.125,18.99,2,2,2,2
0,2.330148,15.26067,0,0.125,18.99,2,2,2,2
0,2.341007,15.28149,0,0.125,18.99,2,2,2,2
0,2.362723,15.32308,0,0.125,18.99,2,2,2,2
0,2.406153,15.40594,0,0.125,18.99,2,2,2,2
0,2.417006,15.42649,0,0.125,18.99,2,2,2,2
0,2.438699,15.46719,0,0.125,18.99,2,2,2,2
0,2.460374,15.50741,0,0.125,18.99,1.9,1.9,2.1,2.1
0,2.503673,15.58668,0,0.125,18.99,2.2,2.2,1.8,1.8
0,2.536086,15.64506,0,0.125,18.99,1.9,1.9,2.1,2.1
0,2.546859,15.66407,0,0.125,18.99,1.9,1.9,2.1,2.1
0,2.579074,15.7197,0,0.125,18.99,1.9,1.9,2.1,2.1
0,2.589769,15.73772,0,0.125,18.99,1.9,1.9,2.1,2.1
0,2.600419,15.7552,0,0.125,18.99,1.9,1.9,2.1,2.1
0,2.621626,15.78909,0,0.125,18.99,1.9,1.9,2.1,2.1
0,2.663858,15.85469,0,0.125,18.99,1.9,1.9,2.1,2.1
0,2.674374,15.87058,0,0.125,18.99,1.9,1.9,2.1,2.1
0,2.695325,15.90133,0,0.125,18.99,1.9,1.9,2.1,2.1
0,2.716206,15.93115,0,0.125,18.99,1.9,1.9,2.1,2.1
0,2.757856,15.98908,0,0.125,18.99,0,0,0,0
0,2.772281,16.01805,0,0.125,18.99,0,0,0,0
0,2.776293,16.03254,0,0.125,18.99,0,0,0,0
0,2.777918,16.0615,0,0.125,18.99,0,0,0,0
0,2.770756,16.10496,0,0.125,18.99,0,0,0,0
0,2.759581,16.13393,0,0.125,18.99,0,0,0,0
0,2.750793,16.14841,0,0.125,18.99,0,0,0,0
0,2.726818,16.17738,0,0.125,18.99,0,0,0,0
0,2.666068,16.23532,0,0.125,18.99,0,0,0,0
0,2.647681,16.2498,0,0.125,18.99,0,0,0,0
0,2.604505,16.27877,0,0.125,18.99,0,0,0,0
0,2.55493,16.30774,0,0.125,18.99,0,0,0,0
0,2.414993,16.38016,0,0.125,18.99,0,0,0,0
0,2.383806,16.39465,0,0.125,18.99,0,0,0,0
0,2.31503,16.42361,0,0.125,18.99,0,0,0,0
0,2.277443,16.4381,0,0.125,18.99,0,0,0,0
0,2.114293,16.49604,0,0.125,18.99,0,0,0,0
0,2.070306,16.51052,0,0.125,18.99,0,0,0,0
0,1.97593,16.53949,0,0.125,18.99,0,0,0,0
0,1.875155,16.56846,0,0.125,18.99,0,0,0,0
0,1.660805,16.6264,0,0.125,18.99,0,0,0,0
0,1.604018,16.64088,0,0.125,18.99,0,0,0,0
0,1.484043,16.66985,0,0.125,18.99,0,0,0,0
0,1.357668,16.69882,0,0.125,18.99,0,0,0,0
0,1.158505,16.74227,0,0.125,18.99,0,0,0,0
0,1.01933,16.77124,0,0.125,18.99,0,0,0,0
0,0.9465426,16.78572,0,0.125,18.99,0,0,0,0
0,0.7945676,16.81469,0,0.125,18.99,0,0,0,0
-0.001526863,0.5231086,16.83696,0,0.125,18.99,0,0,0,0
-0.001825751,0.4904357,16.81297,0,0.125,18.99,0,0,0,0
-0.002065623,0.4156826,16.76702,0,0.125,18.99,0,0,0,0
-0.002109825,0.3468193,16.72977,0,0.125,18.99,0,0,0,0
-0.001428576,0.3836589,16.72369,0,0.125,18.99,0,0,0,0
-0.001264619,0.3881145,16.72146,0,0.125,18.99,0,0,0,0
-0.001767213,0.3923142,16.71772,0,0.125,18.99,0,0,0,0
-0.002440324,0.3940236,16.71521,0,0.125,18.99,0,0,0,0
-0.002496813,0.3963284,16.71365,0,0.125,18.99,0,0,0,0
-0.002498777,0.3958683,16.71393,0,0.125,18.99,0,0,0,0
-0.002497699,0.3933833,16.71552,0,0.125,18.99,0,0,0,0
-0.002497248,0.3888092,16.71838,0,0.125,18.99,0,0,0,0
-0.002495004,0.3786726,16.72443,0,0.125,18.99,0,0,0,0
-0.002492295,0.3740662,16.72691,0,0.125,18.99,0,0,0,0
-0.002490616,0.362538,16.73286,0,0.125,18.99,0,0,0,0
-0.002501288,0.3500023,16.73839,0,0.125,18.99,0,0,0,0
-0.002501043,0.3499997,16.73839,0,0.125,18.99,0,0,0,0
-0.002499488,0.3499982,16.73839,0,0.125,18.99,0,0,0,0
-0.002499385,0.3499978,16.73838,0,0.125,18.99,0,0,0,0
-0.002500868,0.3499993,16.73839,0,0.125,18.99,0,0,0,0
-0.002500435,0.3499999,16.73839,0,0.125,18.99,0,0,0,0
-0.002500029,0.3499998,16.73839,0,0.125,18.99,0,0,0,0
-0.002498447,0.3499982,16.73838,0,0.125,18.99,0,0,0,0
-0.002499706,0.3499996,16.73838,0,0.125,18.99,0,0,0,0
-0.002499324,0.3499999,16.73838,0,0.125,18.99,0,0,0,0
-0.002498943,0.3500003,16.73838,0,0.125,18.99,0,0,0,0
-0.002497309,0.3499983,16.73838,0,0.125,18.99,0,0,0,0
-0.002498579,0.3499995,16.73838,0,0.125,18.99,0,0,0,0
-0.002498074,0.3499997,16.73838,0,0.125,18.99,0,0,0,0
-0.002498001,0.3500054,16.73838,0,0.125,18.99,2,2,2,2
0,2,0,0,0.125,18.99,2,2,2,2
0,2,0,0,0.125,18.99,2,2,2,2
0,2,0,0,0.125,18.99,6,6,6,6
0,2.0192,0,0,0.125,18.99,2,2,2,2
0,2.0256,0,0,0.125,18.99,2,2,2,2
0,2.032001,0,0,0.125,18.99,2,2,2,2
0,2.044801,0,0,0.125,18.99,2,2,2,2
0,2.057601,0,0,0.125,18.99,2,2,2,2
0,2.083201,0,0,0.125,18.99,2,2,2,2
0,2.089602,0,0,0.125,18.99,2,2,2,2
0,2.102402,0,0,0.125,18.99,2,2,2,2
0,2.108802,0,0,0.125,18.99,2,2,2,2
0,2.140802,0,0,0.125,18.99,2,2,2,2
0,2.147202,0,0,0.125,18.99,2,2,2,2
0,2.153603,0,0,0.125,18.99,2,2,2,2
0,2.166403,0,0,0.125,18.99,2,2,2,2
0,2.204803,0,0,0.125,18.99,6,6,6,6
0,2.217603,0,0,0.125,18.99,2,2,2,2
0,2.230403,0,0,0.125,18.99,2,2,2,2
0,2.243203,0,0,0.125,18.99,2,2,2,2
0,2.294403,0,0,0.125,18.99,2,2,2,2
0,2.307203,0,0,0.125,18.99,2,2,2,2
0,2.332803,0,0,0.125,18.99,2,2,2,2
0,2.358403,0,0,0.125,18.99,2,2,2,2
0,2.396803,0,0,0.125,18.99,2,2,2,2
0,2.422403,0,0,0.125,18.99,2,2,2,2
0,2.448003,0,0,0.125,18.99,2,2,2,2
0,2.473603,0,0,0.125,18.99,2,2,2,2
0,2.512003,0,0,0.125,18.99,2,2,2,2
0,2.537603,0,0,0.125,18.99,2,2,2,2
0,2.563203,0,0,0.125,18.99,2,2,2,2
0,2.576003,0,0,0.125,18.99,2,2,2,2
0,2.627203,0,0,0.125,18.99,2,2,2,2
0,2.640003,0,0,0.125,18.99,2,2,2,2
0,2.665603,0,0,0.125,18.99,2,2,2,2
0,2.691203,0,0,0.125,18.99,2,2,2,2
0,2.742403,0,0,0.125,18.99,2,2,2,2
0,2.755203,0,0,0.125,18.99,2,2,2,2
0,2.780802,0,0,0.125,18.99,2,2,2,2
0,2.806402,0,0,0.125,18.99,2,2,2,2
0,2.844802,0,0,0.125,18.99,2,2,2,2
0,2.870402,0,0,0.125,18.99,2,2,2,2
0,2.896002,0,0,0.125,18.99,2,2,2,2
0,2.921602,0,0,0.125,18.99,2,2,2,2
0,2.960002,0,0,0.125,18.99,2,2,2,2
0,2.972802,0,0,0.125,18.99,2,2,2,2
0,2.998402,0,0,0.125,18.99,2,2,2,2
0,3.024002,0,0,0.125,18.99,2,2,2,2
0,3.075202,0,0,0.125,18.99,2,2,2,2
0,3.088002,0,0,0.125,18.99,2,2,2,2
0,3.113602,0,0,0.125,18.99,0,0,0,0
0,3.132802,0,0,0.125,18.99,0,0,0,0
0,3.158402,0,0,0.125,18.99,2,2,2,2
0,3.171202,0,0,0.125,18.99,2,2,2,2
0,3.177603,0,0,0.125,18.99,2,2,2,2
0,3.190403,0,0,0.125,18.99,2,2,2,2
0,3.209603,0,0,0.125,18.99,2,2,2,2
0,3.222403,0,0,0.125,18.99,2,2,2,2
0,3.228803,0,0,0.125,18.99,2,2,2,2
0,3.241604,0,0,0.125,18.99,2,2,2,2
0,3.267204,0,0,0.125,18.99,2,2,2,2
0,3.273604,0,0,0.125,18.99,0,0,0,0
0,3.283204,0,0,0.125,18.99,0,0,0,0
0,3.283204,0,0,0.125,18.99,0,0,0,0
0,3.270404,0,0,0.125,18.99,2,2,2,2
0,3.260804,0,0,0.125,18.99,2,2,2,2
0,3.260804,0,0,0.125,18.99,2,2,2,2
0,3.254404,0,0,0.125,18.99,2,2,2,2
0,3.244804,0,0,0.125,18.99,2,2,2,2
0,3.238404,0,0,0.125,18.99,2,2,2,2
0,3.232003,0,0,0.125,18.99,2,2,2,2
0,3.225603,0,0,0.125,18.99,2,2,2,2
0,3.216003,0,0,0.125,18.99,2,2,2,2
0,3.209603,0,0,0.125,18.99,1.8,1.8,2.2,2.2
0,3.203203,0,0,0.125,18.99,1.8,1.8,2.2,2.2
0,3.196803,4.726114E-05,0,0.125,18.99,2,2,2,2
0,3.180799,0.0005198467,0,0.125,18.99,2,2,2,2
0,3.177593,0.0008033001,0,0.125,18.99,2,2,2,2
0,3.174379,0.001299274,0,0.125,18.99,2,2,2,2
0,3.171157,0.002031341,0,0.125,18.99,2,2,2,2
0,3.158226,0.00599822,0,0.125,18.99,2.1,2.1,1.9,1.9
0,3.154974,0.007343677,0,0.125,18.99,2.1,2.1,1.9,1.9
0,3.148426,0.01077728,0,0.125,18.99,2.1,2.1,1.9,1.9
0,3.141829,0.0150005,0,0.125,18.99,2.1,2.1,1.9,1.9
0,3.131855,0.02255492,0,0.125,18.99,2.1,2.1,1.9,1.9
0,3.125154,0.02840426,0,0.125,18.99,2.1,2.1,1.9,1.9
0,3.118405,0.03504321,0,0.125,18.99,2.1,2.1,1.9,1.9
0,3.111612,0.04242485,0,0.125,18.99,2.1,2.1,1.9,1.9
0,3.101369,0.05450566,0,0.125,18.99,2,2,2,2
0,3.094519,0.06309062,0,0.125,18.99,2,2,2,2
0,3.091087,0.06760152,0,0.125,18.99,2,2,2,2
0,3.08421,0.07701297,0,0.125,18.99,2,2,2,2
0,3.070441,0.09642644,0,0.125,18.99,6,6,6,6
0,3.079311,0.1114651,0,0.125,18.99,6,6,6,6
0,3.088668,0.1164247,0,0.125,18.99,6,6,6,6
0,3.104424,0.1212604,0,0.125,18.99,2,2,2,2
0,3.1832,0.1451136,0,0.125,18.99,2,2,2,2
0,3.19895,0.1497013,0,0.125,18.99,2,2,2,2
0,3.214693,0.1540823,0,0.125,18.99,2,2,2,2
0,3.246163,0.1623838,0,0.125,18.99,2,2,2,2
0,3.293332,0.1740043,0,0.125,18.99,1.9,1.9,2.1,2.1
0,3.324739,0.1810555,0,0.125,18.99,1.9,1.9,2.1,2.1
0,3.356101,0.1873406,0,0.125,18.99,1.9,1.9,2.1,2.1
0,3.387411,0.1928126,0,0.125,18.99,1.9,1.9,2.1,2.1
0,3.434294,0.1997659,0,0.125,18.99,1.9,1.9,2.1,2.1
0,3.481094,0.2054644,0,0.125,18.99,1.9,1.9,2.1,2.1
0,3.481094,0.2054644,0,0.125,18.99,1.9,1.9,2.1,2.1
0,3.512193,0.2076607,0,0.125,18.99,1.9,1.9,2.1,2.1
0,3.574308,0.2105915,0,0.125,18.99,2,2,2,2
0,3.589825,0.2110527,0,0.125,18.99,1.8,1.8,2.2,2.2
0,3.636348,0.2116929,0,0.125,18.99,1.8,1.8,2.2,2.2
0,3.651853,0.2117645,0,0.125,18.99,1.8,1.8,2.2,2.2
0,3.713865,0.211673,0,0.125,18.99,2,2,2,2
0,3.760365,0.2120296,0,0.125,18.99,2.1,2.1,1.9,1.9
0,3.775849,0.212467,0,0.125,18.99,2.1,2.1,1.9,1.9
0,3.791311,0.2132757,0,0.125,18.99,2.1,2.1,1.9,1.9
0,3.853051,0.2181834,0,0.125,18.99,2.1,2.1,1.9,1.9
0,3.868433,0.2199919,0,0.125,18.99,2.1,2.1,1.9,1.9
0,3.899076,0.2248419,0,0.125,18.99,2.1,2.1,1.9,1.9
0,3.929576,0.2310404,0,0.125,18.99,2.1,2.1,1.9,1.9
0,3.975079,0.2424994,0,0.125,18.99,2.1,2.1,1.9,1.9
0,4.005226,0.251683,0,0.125,18.99,2.1,2.1,1.9,1.9
0,4.035171,0.2624566,0,0.125,18.99,2.1,2.1,1.9,1.9
0,4.050041,0.2686499,0,0.125,18.99,2.1,2.1,1.9,1.9
0,4.123872,0.3036487,0,0.125,18.99,1.8,1.8,2.2,2.2
0,4.153213,0.3192039,0,0.125,18.99,1.8,1.8,2.2,2.2
0,4.167784,0.3277708,0,0.125,18.99,1.8,1.8,2.2,2.2
0,4.182252,0.3371441,0,0.125,18.99,2.1,2.1,1.9,1.9
0,4.254038,0.388186,0,0.125,18.99,2.1,2.1,1.9,1.9
0,4.268251,0.3993428,0,0.125,18.99,2.1,2.1,1.9,1.9
0,4.282316,0.4114651,0,0.125,18.99,2.1,2.1,1.9,1.9
0,4.310139,0.4376629,0,0.125,18.99,2.1,2.1,1.9,1.9
0,4.351405,0.4799232,0,0.125,18.99,2.1,2.1,1.9,1.9
0,4.378603,0.5100726,0,0.125,18.99,2.1,2.1,1.9,1.9
0,4.405496,0.5421753,0,0.125,18.99,2.1,2.1,1.9,1.9
0,4.432097,0.5761862,0,0.125,18.99,2.1,2.1,1.9,1.9
0,4.471594,0.6299632,0,0.125,18.99,2.1,2.1,1.9,1.9
0,4.484644,0.648741,0,0.125,18.99,1.8,1.8,2.2,2.2
0,4.523471,0.7075452,0,0.125,18.99,1.8,1.8,2.2,2.2
0,4.549167,0.7482923,0,0.125,18.99,2.1,2.1,1.9,1.9
0,4.60019,0.8328288,0,0.125,18.99,2.1,2.1,1.9,1.9
0,4.714268,1.029468,0,0.125,18.99,1.8,1.8,2.2,2.2
0,4.752146,1.09669,0,0.125,18.99,1.8,1.8,2.2,2.2
0,4.764726,1.119638,0,0.125,18.99,1.8,1.8,2.2,2.2
0,4.777259,1.143132,0,0.125,18.99,2.1,2.1,1.9,1.9
0,4.802226,1.19125,0,0.125,18.99,2.1,2.1,1.9,1.9
0,4.827083,1.240543,0,0.125,18.99,2.1,2.1,1.9,1.9
0,4.864199,1.316279,0,0.125,18.99,2.1,2.1,1.9,1.9
0,4.88883,1.367967,0,0.125,18.99,2.1,2.1,1.9,1.9
0,4.913352,1.420831,0,0.125,18.99,2.1,2.1,1.9,1.9
0,4.937773,1.474823,0,0.125,18.99,2.1,2.1,1.9,1.9
0,4.974274,1.557398,0,0.125,18.99,2.1,2.1,1.9,1.9
0,4.986408,1.585383,0,0.125,18.99,2.1,2.1,1.9,1.9
0,5.010618,1.642211,0,0.125,18.99,2.1,2.1,1.9,1.9
0,5.034787,1.699759,0,0.125,18.99,2,2,2,2
0,5.083077,1.815964,0,0.125,18.99,2,2,2,2
0,5.095148,1.845127,0,0.125,18.99,1.8,1.8,2.2,2.2
0,5.119287,1.903596,0,0.125,18.99,1.8,1.8,2.2,2.2
0,5.143426,1.962088,0,0.125,18.99,1.8,1.8,2.2,2.2
0,5.191705,2.078978,0,0.125,18.99,2,2,2,2
0,5.215844,2.137329,0,0.125,18.99,2,2,2,2
0,5.227912,2.166445,0,0.125,18.99,2,2,2,2
0,5.239981,2.195496,0,0.125,18.99,2,2,2,2
0,5.28825,2.311417,0,0.125,18.99,2,2,2,2
0,5.300316,2.340302,0,0.125,18.99,2,2,2,2
0,5.324445,2.397873,0,0.125,18.99,2,2,2,2
0,5.348569,2.455219,0,0.125,18.99,2,2,2,2
0,5.396808,2.569415,0,0.125,18.99,2,2,2,2
0,5.408864,2.597816,0,0.125,18.99,2,2,2,2
0,5.43297,2.654312,0,0.125,18.99,2,2,2,2
0,5.457067,2.710477,0,0.125,18.99,2,2,2,2
0,5.493198,2.794193,0,0.125,18.99,2,2,2,2
0,5.517273,2.849613,0,0.125,18.99,2,2,2,2
0,5.529305,2.877117,0,0.125,18.99,2,2,2,2
0,5.553352,2.9317,0,0.125,18.99,2,2,2,2
0,5.601418,3.039968,0,0.125,18.99,1.8,1.8,2.2,2.2
0,5.637436,3.120425,0,0.125,18.99,1.8,1.8,2.2,2.2
0,5.649435,3.147013,0,0.125,18.99,2,2,2,2
0,5.673417,3.199766,0,0.125,18.99,2,2,2,2
0,5.709375,3.278363,0,0.125,18.99,2,2,2,2
0,5.721359,3.304438,0,0.125,18.99,2,2,2,2
0,5.745323,3.356376,0,0.125,18.99,2,2,2,2
0,5.769285,3.408172,0,0.125,18.99,2,2,2,2
0,5.805228,3.485759,0,0.125,18.99,2,2,2,2
0,5.82919,3.537519,0,0.125,18.99,2,2,2,2
0,5.841171,3.563453,0,0.125,18.99,2,2,2,2
0,5.86513,3.615461,0,0.125,18.99,2,2,2,2
0,5.925021,3.746013,0,0.125,18.99,2,2,2,2
0,5.925021,3.746013,0,0.125,18.99,2,2,2,2
0,5.948953,3.799013,0,0.125,18.99,2,2,2,2
0,5.972868,3.852474,0,0.125,18.99,2,2,2,2
0,6.032602,3.987453,0,0.125,18.99,1.8,1.8,2.2,2.2
0,6.044529,4.014803,0,0.125,18.99,1.8,1.8,2.2,2.2
0,6.056433,4.042535,0,0.125,18.99,1.8,1.8,2.2,2.2
0,6.080185,4.098849,0,0.125,18.99,2.1,2.1,1.9,1.9
0,6.139344,4.242279,0,0.125,18.99,2.1,2.1,1.9,1.9
0,6.151084,4.271726,0,0.125,18.99,2.1,2.1,1.9,1.9
0,6.162723,4.301973,0,0.125,18.99,2.1,2.1,1.9,1.9
0,6.17425,4.333055,0,0.125,18.99,2.1,2.1,1.9,1.9
0,6.219885,4.460838,0,0.125,18.99,2.1,2.1,1.9,1.9
0,6.231149,4.493738,0,0.125,18.99,2.1,2.1,1.9,1.9
0,6.253373,4.561479,0,0.125,18.99,2.1,2.1,1.9,1.9
0,6.275282,4.631208,0,0.125,18.99,2.1,2.1,1.9,1.9
0,6.307659,4.738815,0,0.125,18.99,2.1,2.1,1.9,1.9
0,6.32892,4.812563,0,0.125,18.99,2.1,2.1,1.9,1.9
0,6.339392,4.85043,0,0.125,18.99,2.1,2.1,1.9,1.9
0,6.360028,4.92813,0,0.125,18.99,2.1,2.1,1.9,1.9
0,6.400725,5.087323,0,0.125,18.99,1.8,1.8,2.2,2.2
0,6.430896,5.209291,0,0.125,18.99,1.8,1.8,2.2,2.2
0,6.440845,5.250771,0,0.125,18.99,1.8,1.8,2.2,2.2
0,6.450686,5.293074,0,0.125,18.99,2.1,2.1,1.9,1.9
0,6.499341,5.508764,0,0.125,18.99,2.1,2.1,1.9,1.9
0,6.508953,5.552766,0,0.125,18.99,2.1,2.1,1.9,1.9
0,6.518446,5.597631,0,0.125,18.99,2.1,2.1,1.9,1.9
0,6.537198,5.689077,0,0.125,18.99,2.1,2.1,1.9,1.9
0,6.564994,5.828751,0,0.125,18.99,2.1,2.1,1.9,1.9
0,6.574162,5.876092,0,0.125,18.99,2.1,2.1,1.9,1.9
0,6.592314,5.972296,0,0.125,18.99,2.1,2.1,1.9,1.9
0,6.61031,6.069906,0,0.125,18.99,2.1,2.1,1.9,1.9
0,6.646048,6.267662,0,0.125,18.99,2.1,2.1,1.9,1.9
0,6.654948,6.317572,0,0.125,18.99,2.1,2.1,1.9,1.9
0,6.672691,6.41824,0,0.125,18.99,2.1,2.1,1.9,1.9
0,6.690403,6.519544,0,0.125,18.99,2,2,2,2
0,6.71695,6.672102,0,0.125,18.99,2,2,2,2
0,6.725799,6.722979,0,0.125,18.99,2,2,2,2
0,6.743497,6.82466,0,0.125,18.99,2,2,2,2
0,6.761188,6.926035,0,0.125,18.99,2,2,2,2
0,6.796524,7.127699,0,0.125,18.99,1.9,1.9,2.1,2.1
0,6.805317,7.177609,0,0.125,18.99,1.9,1.9,2.1,2.1
0,6.822805,7.276312,0,0.125,18.99,1.9,1.9,2.1,2.1
0,6.84016,7.373713,0,0.125,18.99,2.2,2.2,1.8,1.8
0,6.883123,7.613555,0,0.125,18.99,1.9,1.9,2.1,2.1
0,6.899996,7.707517,0,0.125,18.99,1.9,1.9,2.1,2.1
0,6.908245,7.75342,0,0.125,18.99,1.9,1.9,2.1,2.1
0,6.924342,7.842994,0,0.125,18.99,1.9,1.9,2.1,2.1
0,6.932164,7.886598,0,0.125,18.99,1.9,1.9,2.1,2.1
0,6.947333,7.971387,0,0.125,18.99,1.9,1.9,2.1,2.1
0,6.961991,8.05367,0,0.125,18.99,1.9,1.9,2.1,2.1
0,6.990228,8.21309,0,0.125,18.99,1.9,1.9,2.1,2.1
0,6.996998,8.251616,0,0.125,18.99,1.9,1.9,2.1,2.1
0,7.009954,8.325999,0,0.125,18.99,1.9,1.9,2.1,2.1
0,7.022328,8.397714,0,0.125,18.99,1.9,1.9,2.1,2.1
0,7.04003,8.501314,0,0.125,18.99,1.9,1.9,2.1,2.1
0,7.045658,8.534556,0,0.125,18.99,1.9,1.9,2.1,2.1
0,7.056384,8.598491,0,0.125,18.99,1.9,1.9,2.1,2.1
0,7.066617,8.659963,0,0.125,18.99,1.9,1.9,2.1,2.1
0,7.086186,8.778195,0,0.125,18.99,1.9,1.9,2.1,2.1
0,7.090903,8.80671,0,0.125,18.99,1.9,1.9,2.1,2.1
0,7.100014,8.86173,0,0.125,18.99,1.9,1.9,2.1,2.1
0,7.108857,8.91492,0,0.125,18.99,1.9,1.9,2.1,2.1
0,7.121809,8.992268,0,0.125,18.99,1.9,1.9,2.1,2.1
0,7.130314,9.042555,0,0.125,18.99,1.9,1.9,2.1,2.1
0,7.134525,9.067186,0,0.125,18.99,1.9,1.9,2.1,2.1
0,7.147068,9.139756,0,0.125,18.99,2.2,2.2,1.8,1.8
0,7.163763,9.235665,0,0.125,18.99,2.2,2.2,1.8,1.8
0,7.167936,9.259689,0,0.125,18.99,2.2,2.2,1.8,1.8
0,7.172108,9.283814,0,0.125,18.99,2.2,2.2,1.8,1.8
0,7.180445,9.332347,0,0.125,18.99,2.2,2.2,1.8,1.8
0,7.192932,9.405749,0,0.125,18.99,2,2,2,2
0,7.205389,9.479913,0,0.125,18.99,2.1,2.1,1.9,1.9
0,7.209527,9.50494,0,0.125,18.99,2.1,2.1,1.9,1.9
0,7.213648,9.530286,0,0.125,18.99,2.1,2.1,1.9,1.9
0,7.230069,9.632966,0,0.125,18.99,2.1,2.1,1.9,1.9
0,7.234158,9.65896,0,0.125,18.99,2.1,2.1,1.9,1.9
0,7.242303,9.711586,0,0.125,18.99,2.1,2.1,1.9,1.9
0,7.250422,9.764803,0,0.125,18.99,2.2,2.2,1.8,1.8
0,7.270666,9.899142,0,0.125,18.99,2.2,2.2,1.8,1.8
0,7.274712,9.926122,0,0.125,18.99,2,2,2,2
0,7.278758,9.953173,0,0.125,18.99,2,2,2,2
0,7.286849,10.00733,0,0.125,18.99,2,2,2,2
0,7.298985,10.08842,0,0.125,18.99,2,2,2,2
0,7.303026,10.11526,0,0.125,18.99,2,2,2,2
0,7.311092,10.16853,0,0.125,18.99,1.9,1.9,2.1,2.1
0,7.319129,10.22119,0,0.125,18.99,1.9,1.9,2.1,2.1
0,7.335119,10.32502,0,0.125,18.99,1.9,1.9,2.1,2.1
0,7.339078,10.35049,0,0.125,18.99,1.9,1.9,2.1,2.1
0,7.346915,10.40041,0,0.125,18.99,1.9,1.9,2.1,2.1
0,7.354658,10.44924,0,0.125,18.99,1.9,1.9,2.1,2.1
0,7.373757,10.56845,0,0.125,18.99,1.9,1.9,2.1,2.1
0,7.377521,10.59169,0,0.125,18.99,1.9,1.9,2.1,2.1
0,7.381228,10.61433,0,0.125,18.99,1.9,1.9,2.1,2.1
0,7.388531,10.65843,0,0.125,18.99,1.9,1.9,2.1,2.1
0,7.399332,10.72287,0,0.125,18.99,1.9,1.9,2.1,2.1
0,7.40289,10.74384,0,0.125,18.99,1.9,1.9,2.1,2.1
0,7.409929,10.78477,0,0.125,18.99,1.9,1.9,2.1,2.1
0,7.416909,10.82483,0,0.125,18.99,1.9,1.9,2.1,2.1
0,7.427316,10.88383,0,0.125,18.99,2,2,2,2
0,7.430776,10.90326,0,0.125,18.99,2,2,2,2
0,7.437683,10.94171,0,0.125,18.99,2,2,2,2
0,7.444586,10.97992,0,0.125,18.99,2,2,2,2
0,7.458391,11.0562,0,0.125,18.99,2,2,2,2
0,7.46184,11.0754,0,0.125,18.99,2,2,2,2
0,7.468727,11.11414,0,0.125,18.99,0,0,0,0
0,7.469215,11.15288,0,0.125,18.99,0,0,0,0
0,7.457392,11.23037,0,0.125,18.99,0,0,0,0
0,7.451236,11.24974,0,0.125,18.99,2.1,2.1,1.9,1.9
0,7.438831,11.28956,0,0.125,18.99,2.1,2.1,1.9,1.9
0,7.42631,11.33061,0,0.125,18.99,2.1,2.1,1.9,1.9
0,7.407315,11.39418,0,0.125,18.99,2.1,2.1,1.9,1.9
0,7.400898,11.41611,0,0.125,18.99,2.1,2.1,1.9,1.9
0,7.387882,11.46147,0,0.125,18.99,2.1,2.1,1.9,1.9
0,7.374674,11.5084,0,0.125,18.99,2.1,2.1,1.9,1.9
0,7.354566,11.58115,0,0.125,18.99,2.1,2.1,1.9,1.9
0,7.340962,11.63122,0,0.125,18.99,2.1,2.1,1.9,1.9
0,7.327168,11.68286,0,0.125,18.99,2.1,2.1,1.9,1.9
0,7.320179,11.70943,0,0.125,18.99,2.1,2.1,1.9,1.9
0,7.291884,11.81867,0,0.125,18.99,2.1,2.1,1.9,1.9
0,7.284744,11.84662,0,0.125,18.99,2.1,2.1,1.9,1.9
0,7.270345,11.90377,0,0.125,18.99,0,0,0,0
0,7.239145,11.98948,0,0.125,18.99,0,0,0,0
0,7.198346,12.07519,0,0.125,18.99,2.1,2.1,1.9,1.9
0,7.171111,12.13301,0,0.125,18.99,2,2,2,2
0,7.157483,12.16217,0,0.125,18.99,2,2,2,2
0,7.130214,12.22092,0,0.125,18.99,2,2,2,2
0,7.089303,12.30943,0,0.125,18.99,2,2,2,2
0,7.075665,12.33894,0,0.125,18.99,2,2,2,2
0,7.04839,12.39788,0,0.125,18.99,2,2,2,2
0,7.021111,12.45659,0,0.125,18.99,2,2,2,2
0,6.966529,12.57321,0,0.125,18.99,1.9,1.9,2.1,2.1
0,6.952862,12.602,0,0.125,18.99,1.9,1.9,2.1,2.1
0,6.925478,12.65878,0,0.125,18.99,1.9,1.9,2.1,2.1
0,6.898028,12.71464,0,0.125,18.99,1.9,1.9,2.1,2.1
0,6.856732,12.79691,0,0.125,18.99,1.9,1.9,2.1,2.1
0,6.842917,12.82377,0,0.125,18.99,1.9,1.9,2.1,2.1
0,6.815187,12.87636,0,0.125,18.99,1.9,1.9,2.1,2.1
0,6.787349,12.92778,0,0.125,18.99,1.9,1.9,2.1,2.1
0,6.73146,13.02831,0,0.125,18.99,2.2,2.2,1.8,1.8
0,6.703417,13.07745,0,0.125,18.99,2.2,2.2,1.8,1.8
0,6.689344,13.10146,0,0.125,18.99,2.2,2.2,1.8,1.8
0,6.66109,13.14829,0,0.125,18.99,1.9,1.9,2.1,2.1
0,6.590127,13.26213,0,0.125,18.99,1.9,1.9,2.1,2.1
0,6.575842,13.28414,0,0.125,18.99,1.9,1.9,2.1,2.1
0,6.561462,13.30537,0,0.125,18.99,1.9,1.9,2.1,2.1
0,6.546982,13.32581,0,0.125,18.99,1.9,1.9,2.1,2.1
0,6.488663,13.40439,0,0.125,18.99,1.9,1.9,2.1,2.1
0,6.473983,13.42325,0,0.125,18.99,1.9,1.9,2.1,2.1
0,6.444425,13.45937,0,0.125,18.99,1.9,1.9,2.1,2.1
0,6.41468,13.49396,0,0.125,18.99,2.2,2.2,1.8,1.8
0,6.339896,13.57678,0,0.125,18.99,1.9,1.9,2.1,2.1
0,6.309825,13.60849,0,0.125,18.99,1.9,1.9,2.1,2.1
0,6.294717,13.62367,0,0.125,18.99,1.9,1.9,2.1,2.1
0,6.264361,13.65271,0,0.125,18.99,1.9,1.9,2.1,2.1
0,6.249124,13.66661,0,0.125,18.99,1.9,1.9,2.1,2.1
0,6.218539,13.69323,0,0.125,18.99,1.9,1.9,2.1,2.1
0,6.187871,13.71882,0,0.125,18.99,1.9,1.9,2.1,2.1
0,6.126414,13.76826,0,0.125,18.99,2,2,2,2
0,6.111041,13.78037,0,0.125,18.99,2,2,2,2
0,6.080281,13.80419,0,0.125,18.99,2,2,2,2
0,6.049517,13.8278,0,0.125,18.99,2,2,2,2
0,6.003372,13.86317,0,0.125,18.99,2,2,2,2
0,5.972602,13.88702,0,0.125,18.99,2,2,2,2
0,5.941818,13.91131,0,0.125,18.99,2.1,2.1,1.9,1.9
0,5.911001,13.93624,0,0.125,18.99,2.1,2.1,1.9,1.9
0,5.864701,13.97483,0,0.125,18.99,2.2,2.2,1.8,1.8
0,5.818279,14.01495,0,0.125,18.99,2.2,2.2,1.8,1.8
0,5.802753,14.02889,0,0.125,18.99,2.2,2.2,1.8,1.8
0,5.787173,14.04343,0,0.125,18.99,2.1,2.1,1.9,1.9
0,5.709001,14.11903,0,0.125,18.99,2.1,2.1,1.9,1.9
0,5.693317,14.13471,0,0.125,18.99,2.1,2.1,1.9,1.9
0,5.677586,14.15093,0,0.125,18.99,2.1,2.1,1.9,1.9
0,5.646037,14.18444,0,0.125,18.99,2.1,2.1,1.9,1.9
0,5.598602,14.23616,0,0.125,18.99,2.1,2.1,1.9,1.9
0,5.566931,14.27142,0,0.125,18.99,2.1,2.1,1.9,1.9
0,5.535226,14.30733,0,0.125,18.99,2,2,2,2
0,5.503503,14.34373,0,0.125,18.99,2,2,2,2
0,5.424176,14.43551,0,0.125,18.99,2,2,2,2
0,5.40831,14.45382,0,0.125,18.99,2,2,2,2
0,5.40831,14.45382,0,0.125,18.99,2,2,2,2
0,5.376574,14.49009,0,0.125,18.99,2,2,2,2
0,5.313082,14.56193,0,0.125,18.99,1.9,1.9,2.1,2.1
0,5.297192,14.57956,0,0.125,18.99,1.9,1.9,2.1,2.1
0,5.265368,14.61406,0,0.125,18.99,1.9,1.9,2.1,2.1
0,5.233485,14.64771,0,0.125,18.99,1.9,1.9,2.1,2.1
0,5.185555,14.69675,0,0.125,18.99,1.9,1.9,2.1,2.1
0,5.153513,14.72838,0,0.125,18.99,1.9,1.9,2.1,2.1
0,5.137444,14.74365,0,0.125,18.99,1.9,1.9,2.1,2.1
0,5.105208,14.77306,0,0.125,18.99,1.9,1.9,2.1,2.1
0,5.040539,14.82965,0,0.125,18.99,1.9,1.9,2.1,2.1
0,5.024327,14.84326,0,0.125,18.99,1.9,1.9,2.1,2.1
0,4.991816,14.86944,0,0.125,18.99,1.9,1.9,2.1,2.1
0,4.95923,14.89464,0,0.125,18.99,1.9,1.9,2.1,2.1
0,4.893936,14.94327,0,0.125,18.99,1.9,1.9,2.1,2.1
0,4.877595,14.9551,0,0.125,18.99,1.9,1.9,2.1,2.1
0,4.844889,14.97819,0,0.125,18.99,2,2,2,2
0,4.81217,15.00087,0,0.125,18.99,2,2,2,2
0,4.763083,15.03451,0,0.125,18.99,2,2,2,2
0,4.746721,15.04572,0,0.125,18.99,2,2,2,2
0,4.713995,15.06823,0,0.125,18.99,2,2,2,2
0,4.681265,15.09099,0,0.125,18.99,2,2,2,2
0,4.615778,15.13733,0,0.125,18.99,2.1,2.1,1.9,1.9
0,4.599385,15.14928,0,0.125,18.99,2.1,2.1,1.9,1.9
0,4.566546,15.17401,0,0.125,18.99,2.1,2.1,1.9,1.9
0,4.53364,15.19966,0,0.125,18.99,2.1,2.1,1.9,1.9
0,4.467663,15.25302,0,0.125,18.99,2.1,2.1,1.9,1.9
0,4.451115,15.26694,0,0.125,18.99,2.1,2.1,1.9,1.9
0,4.417909,15.29596,0,0.125,18.99,2.1,2.1,1.9,1.9
0,4.401248,15.31108,0,0.125,18.99,2.1,2.1,1.9,1.9
0,4.334375,15.37398,0,0.125,18.99,2.1,2.1,1.9,1.9
0,4.317603,15.39028,0,0.125,18.99,2.1,2.1,1.9,1.9
0,4.283957,15.42403,0,0.125,18.99,2.1,2.1,1.9,1.9
0,4.250222,15.45885,0,0.125,18.99,2.1,2.1,1.9,1.9
0,4.182601,15.53044,0,0.125,18.99,2.1,2.1,1.9,1.9
0,4.165674,15.54871,0,0.125,18.99,2.1,2.1,1.9,1.9
0,4.131785,15.58591,0,0.125,18.99,2,2,2,2
0,4.097877,15.62363,0,0.125,18.99,2,2,2,2
0,4.046999,15.68072,0,0.125,18.99,2,2,2,2
0,4.030039,15.69979,0,0.125,18.99,2,2,2,2
0,3.99612,15.73796,0,0.125,18.99,2,2,2,2
0,3.962199,15.77597,0,0.125,18.99,2,2,2,2
0,3.894342,15.85135,0,0.125,18.99,1.9,1.9,2.1,2.1
0,3.877361,15.86987,0,0.125,18.99,1.9,1.9,2.1,2.1
0,3.843359,15.90619,0,0.125,18.99,1.9,1.9,2.1,2.1
0,3.809301,15.94168,0,0.125,18.99,1.9,1.9,2.1,2.1
0,3.741051,16.01079,0,0.125,18.99,1.9,1.9,2.1,2.1
0,3.723943,16.02753,0,0.125,18.99,1.9,1.9,2.1,2.1
0,3.689634,16.05992,0,0.125,18.99,1.9,1.9,2.1,2.1
0,3.655226,16.09119,0,0.125,18.99,1.9,1.9,2.1,2.1
0,3.603467,16.13643,0,0.125,18.99,1.9,1.9,2.1,2.1
0,3.568869,16.1655,0,0.125,18.99,1.9,1.9,2.1,2.1
0,3.551527,16.17952,0,0.125,18.99,1.9,1.9,2.1,2.1
0,3.516766,16.20656,0,0.125,18.99,1.9,1.9,2.1,2.1
0,3.447114,16.25882,0,0.125,18.99,1.9,1.9,2.1,2.1
0,3.429684,16.27155,0,0.125,18.99,1.9,1.9,2.1,2.1
0,3.394794,16.29641,0,0.125,18.99,2,2,2,2
0,3.35989,16.32082,0,0.125,18.99,2,2,2,2
0,3.290069,16.36912,0,0.125,18.99,2,2,2,2
0,3.272614,16.38122,0,0.125,18.99,2,2,2,2
0,3.237702,16.40557,0,0.125,18.99,2,2,2,2
0,3.202782,16.43023,0,0.125,18.99,2,2,2,2
0,3.150377,16.46792,0,0.125,18.99,2.1,2.1,1.9,1.9
0,3.132888,16.48084,0,0.125,18.99,2.1,2.1,1.9,1.9
0,3.097861,16.50747,0,0.125,18.99,2.1,2.1,1.9,1.9
0,3.06277,16.53502,0,0.125,18.99,2.1,2.1,1.9,1.9
0,2.992431,16.5921,0,0.125,18.99,2.1,2.1,1.9,1.9
0,2.974795,16.60694,0,0.125,18.99,2.1,2.1,1.9,1.9
0,2.939417,16.63778,0,0.125,18.99,2.1,2.1,1.9,1.9
0,2.903928,16.66981,0,0.125,18.99,2.1,2.1,1.9,1.9
0,2.832727,16.73624,0,0.125,18.99,2.1,2.1,1.9,1.9
0,2.814876,16.75341,0,0.125,18.99,0,0,0,0
0,2.772774,16.78777,0,0.125,18.99,0,0,0,0
0,2.724272,16.82212,0,0.125,18.99,0,0,0,0
0,2.641918,16.87366,0,0.125,18.99,0,0,0,0
0,2.580616,16.90801,0,0.125,18.99,0,0,0,0
0,2.546765,16.92519,0,0.125,18.99,0,0,0,0
0,2.472663,16.95955,0,0.125,18.99,0,0,0,0
0,2.311658,17.02826,0,0.125,18.99,0,0,0,0
0,2.268207,17.04543,0,0.125,18.99,0,0,0,0
0,2.174904,17.07979,0,0.125,18.99,0,0,0,0
0,2.075202,17.11414,0,0.125,18.99,0,0,0,0
0,1.862997,17.18285,0,0.125,18.99,0,0,0,0
0,1.806746,17.20003,0,0.125,18.99,0,0,0,0
0,1.687844,17.23439,0,0.125,18.99,0,0,0,0
0,1.562542,17.26874,0,0.125,18.99,0,0,0,0
0,1.233286,17.35463,0,0.125,18.99,0,0,0,0
0,1.095183,17.38898,0,0.125,18.99,0,0,0,0
0,1.022932,17.40616,0,0.125,18.99,0,0,0,0
0,0.8720299,17.44052,0,0.125,18.99,0,0,0,0
0,0.7147275,17.47487,0,0.125,18.99,0,0,0,0
0,0.5510253,17.50923,0,0.125,18.99,0,0,0,0
0,0.380923,17.54358,0,0.125,18.99,0,0,0,0
-0.002315817,0.3562025,17.56087,0,0.125,18.99,0,0,0,0
-0.004754779,0.369496,17.56086,0,0.125,18.99,0,0,0,0
-0.01159566,0.4009236,17.56069,0,0.125,18.99,0,0,0,0
-0.01410512,0.4088791,17.56068,0,0.125,18.99,0,0,0,0
-0.02188307,0.431985,17.56073,0,0.125,18.99,0,0,0,0
-0.02332018,0.4355215,17.56076,0,0.125,18.99,0,0,0,0
-0.02452401,0.4385248,17.56077,0,0.125,18.99,0,0,0,0
-0.02410877,0.4373744,17.56081,0,0.125,18.99,0,0,0,0
-0.0200021,0.4267819,17.56091,0,0.125,18.99,0,0,0,0
-0.01829467,0.4219518,17.56096,0,0.125,18.99,0,0,0,0
-0.01336391,0.4080972,17.56097,0,0.125,18.99,0,0,0,0
-0.007438447,0.3897378,17.561,0,0.125,18.99,0,0,0,0
0.002336905,0.3552565,17.56102,0,0.125,18.99,0,0,0,0
0.003357686,0.3502481,17.56109,0,0.125,18.99,0,0,0,0
0.003386994,0.3500535,17.56103,0,0.125,18.99,0,0,0,0
0.003393222,0.3500006,17.56102,0,0.125,18.99,0,0,0,0
0.003393217,0.35,17.56102,0,0.125,18.99,0,0,0,0
0.003393303,0.35,17.56102,0,0.125,18.99,0,0,0,0
0.003393223,0.35,17.56102,0,0.125,18.99,0,0,0,0
0.003393308,0.35,17.56102,0,0.125,18.99,0,0,0,0
0.003393234,0.35,17.56102,0,0.125,18.99,0,0,0,0
0.003393338,0.35,17.56102,0,0.125,18.99,0,0,0,0
0.003393262,0.35,17.56102,0,0.125,18.99,0,0,0,0
0.003393319,0.35,17.56102,0,0.125,18.99,0,0,0,0
0.003393332,0.35,17.56102,0,0.125,18.99,2,2,2,2
